,PLAYER_ID,PLAYER_NAME,TEAM_ID,TEAM_ABBREVIATION,AGE,GP,W,L,W_PCT,MIN,FGM,FGA,FG_PCT,FG3M,FG3A,FG3_PCT,FTM,FTA,FT_PCT,OREB,DREB,REB,AST,TOV,STL,BLK,BLKA,PF,PFD,PTS,PLUS_MINUS,GP_reg,W_reg,L_reg,W_PCT_reg,MIN_reg,FGM_reg,FGA_reg,FG_PCT_reg,FG3M_reg,FG3A_reg,FG3_PCT_reg,FTM_reg,FTA_reg,FT_PCT_reg,OREB_reg,DREB_reg,REB_reg,AST_reg,TOV_reg,STL_reg,BLK_reg,BLKA_reg,PF_reg,PFD_reg,PTS_reg,PLUS_MINUS_reg,SEASON,W_PCT_PCT_CHANGE,MIN_PCT_CHANGE,FGM_PCT_CHANGE,FGA_PCT_CHANGE,FG_PCT_PCT_CHANGE,FG3M_PCT_CHANGE,FG3A_PCT_CHANGE,FG3_PCT_PCT_CHANGE,FTM_PCT_CHANGE,FTA_PCT_CHANGE,FT_PCT_PCT_CHANGE,OREB_PCT_CHANGE,DREB_PCT_CHANGE,REB_PCT_CHANGE,AST_PCT_CHANGE,TOV_PCT_CHANGE,STL_PCT_CHANGE,BLK_PCT_CHANGE,BLKA_PCT_CHANGE,PF_PCT_CHANGE,PFD_PCT_CHANGE,PTS_PCT_CHANGE,PLUS_MINUS_PCT_CHANGE,
0,201166,Aaron Brooks,1610612750,MIN,33,2,1,1,0.5,1.3,1,1.5,0.667,0,0.5,0,0,1,0,0,0,0,0,0,0,0,0,0,0.5,2,0,32,19,13,0.594,5.9,0.9,2.2,0.406,0.3,1,0.355,0.3,0.3,0.727,0.2,0.3,0.5,0.6,0.3,0.2,0,0.1,0.9,0.3,2.3,-2.3,2017-18,-0.158249158,-0.779661017,0.111111111,-0.318181818,0.642857143,-1,-0.5,-1,-1,2.333333333,-1,-1,-1,-1,-1,-1,-1,,-1,-1,0.666666667,-0.130434783,-1,
1,1628935,Aaron Jackson,1610612745,HOU,32,7,5,2,0.714,2.4,0.3,0.6,0.5,0,0.3,0,0.1,0.3,0.5,0.3,0.3,0.6,0.3,0.3,0,0,0,0.3,0.3,0.7,-1,1,0,1,0,34.5,3,9,0.333,1,4,0.25,1,2,0.5,2,1,3,1,1,0,0,1,4,3,8,-10,2017-18,,-0.930434783,-0.9,-0.933333333,0.501501502,-1,-0.925,-1,-0.9,-0.85,0,-0.85,-0.7,-0.8,-0.7,-0.7,,,-1,-0.925,-0.9,-0.9125,-0.9,
2,1627846,Abdel Nader,1610612738,BOS,24,11,6,5,0.545,3,0.5,1.4,0.333,0,0.4,0,0.2,0.4,0.5,0.1,0.2,0.3,0.3,0.2,0.1,0.1,0.1,0.2,0.3,1.1,-0.9,48,33,15,0.688,10.9,1,3.1,0.336,0.5,1.4,0.354,0.5,0.8,0.59,0.3,1.2,1.5,0.5,0.7,0.3,0.2,0.2,0.9,0.6,3,-2.3,2017-18,-0.207848837,-0.724770642,-0.5,-0.548387097,-0.008928571,-1,-0.714285714,-1,-0.6,-0.5,-0.152542373,-0.666666667,-0.833333333,-0.8,-0.4,-0.714285714,-0.666666667,-0.5,-0.5,-0.777777778,-0.5,-0.633333333,-0.608695652,
3,201143,Al Horford,1610612738,BOS,32,19,11,8,0.579,35.7,5.8,10.7,0.544,0.8,2.3,0.349,3.3,3.9,0.827,1.7,6.6,8.3,3.3,1.7,1,1.2,0.3,2.1,3.4,15.7,3.7,72,47,25,0.653,31.6,5.1,10.5,0.489,1.3,3.1,0.429,1.3,1.7,0.783,1.4,5.9,7.4,4.7,1.8,0.6,1.1,0.4,1.9,1.9,12.9,4.8,2017-18,-0.113323124,0.129746835,0.137254902,0.019047619,0.112474438,-0.384615385,-0.258064516,-0.186480186,1.538461538,1.294117647,0.056194125,0.214285714,0.118644068,0.121621622,-0.29787234,-0.055555556,0.666666667,0.090909091,-0.25,0.105263158,0.789473684,0.217054264,-0.229166667,
4,202329,Al-Farouq Aminu,1610612757,POR,27,4,0,4,0,32.7,6.8,13,0.519,3.3,7.5,0.433,0.5,0.5,1,3,6,9,1.3,1.5,1,0.5,0.3,2,1.5,17.3,-11,69,40,29,0.58,30,3.3,8.4,0.395,1.8,4.9,0.369,0.9,1.2,0.738,1.4,6.2,7.6,1.2,1.1,1.1,0.6,0.2,2,1.2,9.3,3.2,2017-18,-1,0.09,1.060606061,0.547619048,0.313924051,0.833333333,0.530612245,0.173441734,-0.444444444,-0.583333333,0.35501355,1.142857143,-0.032258065,0.184210526,0.083333333,0.363636364,-0.090909091,-0.166666667,0.5,0,0.25,0.860215054,-4.4375,
5,202692,Alec Burks,1610612762,UTA,26,9,4,5,0.444,13.4,3.3,7.1,0.469,1,2.2,0.45,1.4,1.7,0.867,0.2,2.4,2.7,1.9,0.9,0.4,0.1,0.6,1,1.4,9.1,0.4,64,37,27,0.578,16.5,2.7,6.5,0.411,0.7,2.2,0.331,1.7,1.9,0.863,0.3,2.7,3,1,0.9,0.6,0.1,0.4,1.2,1.5,7.7,-0.2,2017-18,-0.23183391,-0.187878788,0.222222222,0.092307692,0.141119221,0.428571429,0,0.359516616,-0.176470588,-0.105263158,0.004634994,-0.333333333,-0.111111111,-0.1,0.9,0,-0.333333333,0,0.5,-0.166666667,-0.066666667,0.181818182,-3,
6,203518,Alex Abrines,1610612760,OKC,24,6,2,4,0.333,18.3,1.3,3.3,0.4,1,2.2,0.462,0.3,0.3,1,0.5,2.2,2.7,0.3,0.2,0.8,0.3,0.3,1.8,0.5,4,4,75,42,33,0.56,15.1,1.5,3.9,0.395,1.1,2.9,0.38,0.5,0.6,0.848,0.3,1.2,1.5,0.4,0.3,0.5,0.1,0.1,1.7,0.7,4.7,0.6,2017-18,-0.405357143,0.21192053,-0.133333333,-0.153846154,0.012658228,-0.090909091,-0.24137931,0.215789474,-0.4,-0.5,0.179245283,0.666666667,0.833333333,0.8,-0.25,-0.333333333,0.6,2,2,0.058823529,-0.285714286,-0.14893617,5.666666667,
7,101161,Amir Johnson,1610612755,PHI,31,8,4,4,0.5,11.7,1.4,2.6,0.524,0,0,0,0.5,0.6,0.8,1.8,1.1,2.9,1.1,0.4,0.3,0.1,0.1,1.3,1.1,3.3,2.4,74,47,27,0.635,15.8,1.9,3.5,0.538,0.1,0.4,0.313,0.7,1.1,0.612,1.7,2.8,4.5,1.6,0.7,0.6,0.6,0.4,2.6,1,4.6,0.1,2017-18,-0.212598425,-0.259493671,-0.263157895,-0.257142857,-0.026022305,-1,-1,-1,-0.285714286,-0.454545455,0.307189542,0.058823529,-0.607142857,-0.355555556,-0.3125,-0.428571429,-0.5,-0.833333333,-0.75,-0.5,0.1,-0.282608696,23,
8,2738,Andre Iguodala,1610612744,GSW,34,15,12,3,0.8,26.8,2.8,5.7,0.494,0.9,2.5,0.378,1.6,2.3,0.706,0.7,3.8,4.5,2.7,0.9,1.4,0.5,0.4,1.9,2.6,8.1,7.3,64,46,18,0.719,25.4,2.3,5,0.463,0.5,1.8,0.282,0.9,1.4,0.632,0.8,3.1,3.8,3.3,1,0.8,0.6,0.2,1.5,1.5,6,4.3,2017-18,0.112656467,0.05511811,0.217391304,0.14,0.066954644,0.8,0.388888889,0.340425532,0.777777778,0.642857143,0.117088608,-0.125,0.225806452,0.184210526,-0.181818182,-0.1,0.75,-0.166666667,1,0.266666667,0.733333333,0.35,0.697674419,
9,203952,Andrew Wiggins,1610612750,MIN,23,5,1,4,0.2,32.8,6,13.6,0.441,1.4,4.2,0.333,2.4,4,0.6,1,4.2,5.2,2,1.8,0.4,0.4,0.6,2.8,2.8,15.8,-11.2,82,47,35,0.573,36.3,6.9,15.9,0.438,1.4,4.1,0.331,2.5,3.8,0.643,1,3.4,4.4,2,1.7,1.1,0.6,0.8,2,2.9,17.7,2.5,2017-18,-0.65095986,-0.096418733,-0.130434783,-0.144654088,0.006849315,0,0.024390244,0.006042296,-0.04,0.052631579,-0.066874028,0,0.235294118,0.181818182,0,0.058823529,-0.636363636,-0.333333333,-0.25,0.4,-0.034482759,-0.107344633,-5.48,
10,1627790,Ante Zizic,1610612739,CLE,21,8,2,6,0.25,2.9,0.6,1.3,0.5,0,0,0,0.4,0.8,0.5,0.1,0.6,0.8,0.1,0.3,0,0.1,0.1,0.3,0.4,1.6,1.4,32,21,11,0.656,6.7,1.5,2.1,0.731,0,0,0,0.7,0.9,0.724,0.8,1.1,1.9,0.2,0.3,0.1,0.4,0.1,0.9,0.8,3.7,-1.2,2017-18,-0.618902439,-0.567164179,-0.6,-0.380952381,-0.316005472,,,,-0.428571429,-0.111111111,-0.309392265,-0.875,-0.454545455,-0.578947368,-0.5,0,-1,-0.75,0,-0.666666667,-0.5,-0.567567568,-2.166666667,
11,203076,Anthony Davis,1610612740,NOP,25,9,5,4,0.556,39.8,11.8,22.7,0.52,0.7,2.4,0.273,5.9,7.1,0.828,2.7,10.8,13.4,1.7,2.6,2,2.3,0.7,3.3,8.1,30.1,1,75,45,30,0.6,36.4,10.4,19.5,0.534,0.7,2.2,0.34,6.6,8,0.828,2.5,8.6,11.1,2.3,2.2,1.5,2.6,0.6,2.1,7.4,28.1,3.9,2017-18,-0.073333333,0.093406593,0.134615385,0.164102564,-0.026217228,0,0.090909091,-0.197058824,-0.106060606,-0.1125,0,0.08,0.255813953,0.207207207,-0.260869565,0.181818182,0.333333333,-0.115384615,0.166666667,0.571428571,0.094594595,0.071174377,-0.743589744,
12,203382,Aron Baynes,1610612738,BOS,31,19,11,8,0.579,20.5,2.4,4.7,0.506,0.6,1.2,0.478,0.7,0.9,0.722,2.4,3.8,6.2,1,0.4,0.2,0.6,0.4,2.3,1.2,6,-2.5,81,54,27,0.667,18.3,2.6,5.5,0.471,0,0.3,0.143,0.7,1,0.756,1.6,3.8,5.4,1.1,1,0.3,0.6,0.4,2.5,1.3,6,2.3,2017-18,-0.131934033,0.120218579,-0.076923077,-0.145454545,0.074309979,,3,2.342657343,0,-0.1,-0.044973545,0.5,0,0.148148148,-0.090909091,-0.6,-0.333333333,0,0,-0.08,-0.076923077,0,-2.086956522,
13,1628389,Bam Adebayo,1610612748,MIA,20,5,1,4,0.2,15.4,1.4,3,0.467,0,0.2,0,0.6,2.8,0.214,1.8,2.2,4,0,0.4,0,0.4,0.2,1.6,1.8,3.4,-5.6,69,34,35,0.493,19.8,2.5,4.9,0.512,0,0.1,0,1.9,2.6,0.721,1.7,3.8,5.5,1.5,1,0.5,0.6,0.4,2,2.5,6.9,-0.4,2017-18,-0.594320487,-0.222222222,-0.44,-0.387755102,-0.087890625,,1,,-0.684210526,0.076923077,-0.703190014,0.058823529,-0.421052632,-0.272727273,-1,-0.6,-1,-0.333333333,-0.5,-0.2,-0.28,-0.507246377,13,
14,1627732,Ben Simmons,1610612755,PHI,21,10,5,5,0.5,36.9,6.1,12.5,0.488,0,0.1,0,4.1,5.8,0.707,1.6,7.8,9.4,7.7,4.4,1.7,0.8,0.7,3.4,4.9,16.3,-2.1,81,51,30,0.63,33.7,6.7,12.3,0.545,0,0.1,0,2.4,4.2,0.56,1.8,6.3,8.1,8.2,3.4,1.7,0.9,0.6,2.6,3.9,15.8,4.8,2017-18,-0.206349206,0.09495549,-0.089552239,0.016260163,-0.104587156,,0,,0.708333333,0.380952381,0.2625,-0.111111111,0.238095238,0.160493827,-0.06097561,0.294117647,0,-0.111111111,0.166666667,0.307692308,0.256410256,0.03164557,-1.4375,
15,202711,Bojan Bogdanovic,1610612754,IND,29,7,3,4,0.429,34,4.6,11.6,0.395,2.4,6.4,0.378,0.9,1.4,0.6,0.1,3.3,3.4,1.9,1.9,0.9,0,0.9,3.3,2,12.4,4.9,80,47,33,0.588,30.8,5.1,10.7,0.474,1.9,4.8,0.402,2.2,2.6,0.868,0.4,3,3.4,1.5,1.3,0.7,0.1,0.8,1.6,2.1,14.3,1.1,2017-18,-0.270408163,0.103896104,-0.098039216,0.08411215,-0.166666667,0.263157895,0.333333333,-0.059701493,-0.590909091,-0.461538462,-0.30875576,-0.75,0.1,0,0.266666667,0.461538462,0.285714286,-1,0.125,1.0625,-0.047619048,-0.132867133,3.454545455,
16,203078,Bradley Beal,1610612764,WAS,25,6,2,4,0.333,35.9,8.2,18,0.454,3.5,7.5,0.467,3.3,3.8,0.87,0.3,3,3.3,2.8,2.5,1.2,0.3,0.8,3.2,2.5,23.2,-7.8,82,43,39,0.524,36.3,8.3,18.1,0.46,2.4,6.5,0.375,3.6,4.5,0.791,0.7,3.7,4.4,4.5,2.6,1.2,0.4,0.8,2,3.6,22.6,2.2,2017-18,-0.364503817,-0.011019284,-0.012048193,-0.005524862,-0.013043478,0.458333333,0.153846154,0.245333333,-0.083333333,-0.155555556,0.099873578,-0.571428571,-0.189189189,-0.25,-0.377777778,-0.038461538,0,-0.25,0,0.6,-0.305555556,0.026548673,-4.545454545,
17,201943,Brandon Jennings,1610612749,MIL,28,1,1,0,1,4.9,0,2,0,0,2,0,2,2,1,0,0,0,0,1,0,0,0,0,1,2,-1,14,8,6,0.571,14.7,1.9,5.1,0.375,0.6,2.4,0.273,0.7,0.7,1,0.4,1.9,2.2,3.1,1.3,0.4,0.3,0.1,0.8,0.9,5.2,-4.5,2017-18,0.751313485,-0.666666667,-1,-0.607843137,-1,-1,-0.166666667,-1,1.857142857,1.857142857,0,-1,-1,-1,-1,-0.230769231,-1,-1,-1,-1,0.111111111,-0.615384615,-0.777777778,
18,203464,Brandon Paul,1610612759,SAS,27,1,0,1,0,2.5,0,0,0,0,0,0,0,0,0,0,1,1,1,0,0,0,0,0,0,0,5,64,38,26,0.594,9,0.9,2,0.433,0.2,0.8,0.278,0.3,0.7,0.512,0.1,1,1.1,0.6,0.5,0.4,0.1,0.1,0.9,0.9,2.3,-0.1,2017-18,-1,-0.722222222,-1,-1,-1,-1,-1,-1,-1,-1,-1,-1,0,-0.090909091,0.666666667,-1,-1,-1,-1,-1,-1,-1,-51,
19,1627854,Bryn Forbes,1610612759,SAS,24,4,0,4,0,13.5,1.3,4.3,0.294,0.5,2.3,0.222,1.3,1.8,0.714,0.3,0.5,0.8,0.5,0,0,0,0.3,0.8,0.8,4.3,-4,80,46,34,0.575,19,2.6,6.2,0.421,1.1,2.9,0.39,0.6,0.9,0.667,0.2,1.2,1.4,1,0.5,0.4,0,0.2,1.4,0.8,6.9,1.5,2017-18,-1,-0.289473684,-0.5,-0.306451613,-0.301662708,-0.545454545,-0.206896552,-0.430769231,1.166666667,1,0.070464768,0.5,-0.583333333,-0.428571429,-0.5,-1,-1,,0.5,-0.428571429,0,-0.376811594,-3.666666667,
20,203468,CJ McCollum,1610612757,POR,26,4,0,4,0,38.9,10,19.3,0.519,2.8,6.5,0.423,2.5,3.3,0.769,0,2,2,3.5,2.3,1.3,0.3,0.5,2.8,3.5,25.3,-9,81,48,33,0.593,36.1,8.2,18.6,0.443,2.3,5.9,0.397,2.6,3.1,0.836,0.7,3.3,4,3.4,1.9,1,0.4,1.2,2.1,2.6,21.4,1.5,2017-18,-1,0.077562327,0.219512195,0.037634409,0.171557562,0.217391304,0.101694915,0.065491184,-0.038461538,0.064516129,-0.080143541,-1,-0.393939394,-0.5,0.029411765,0.210526316,0.3,-0.25,-0.583333333,0.333333333,0.346153846,0.182242991,-7,
21,101139,CJ Miles,1610612761,TOR,31,10,4,6,0.4,22.7,3.2,7.1,0.451,1.9,4.5,0.422,1.3,1.6,0.813,0.6,1.8,2.4,0.8,0.9,0.7,0.3,0.4,2.1,1.4,9.6,-2.4,70,50,20,0.714,19.1,3.2,8.6,0.379,2.3,6.5,0.361,1.2,1.4,0.835,0.3,1.9,2.2,0.8,0.6,0.5,0.3,0.3,1.9,1.1,10,3.9,2017-18,-0.43977591,0.188481675,0,-0.174418605,0.189973615,-0.173913043,-0.307692308,0.168975069,0.083333333,0.142857143,-0.026347305,1,-0.052631579,0.090909091,0,0.5,0.4,0,0.333333333,0.105263158,0.272727273,-0.04,-1.615384615,
22,1628403,Caleb Swanigan,1610612757,POR,21,1,0,1,0,7.9,0,2,0,0,1,0,3,4,0.75,0,2,2,1,1,0,0,0,1,2,3,11,27,16,11,0.593,7,0.9,2.2,0.4,0,0.3,0.125,0.4,0.7,0.667,0.6,1.4,2,0.5,0.7,0.2,0.1,0.1,1.4,0.6,2.3,-0.4,2017-18,-1,0.128571429,-1,-0.090909091,-1,,2.333333333,-1,6.5,4.714285714,0.124437781,-1,0.428571429,0,1,0.428571429,-1,-1,-1,-0.285714286,2.333333333,0.304347826,-28.5,
23,2546,Carmelo Anthony,1610612760,OKC,34,6,2,4,0.333,32.3,4.5,12,0.375,1,4.7,0.214,1.8,2.5,0.733,0.5,5.2,5.7,0.3,1,1.7,0.7,0.2,2.3,2.3,11.8,-9.7,78,46,32,0.59,32.1,6.1,15,0.404,2.2,6.1,0.357,1.9,2.5,0.767,0.9,4.9,5.8,1.3,1.3,0.6,0.6,0.7,2.5,2,16.2,3.5,2017-18,-0.43559322,0.00623053,-0.262295082,-0.2,-0.071782178,-0.545454545,-0.229508197,-0.400560224,-0.052631579,0,-0.044328553,-0.444444444,0.06122449,-0.017241379,-0.769230769,-0.230769231,1.833333333,0.166666667,-0.714285714,-0.08,0.15,-0.271604938,-3.771428571,
24,1626224,Cedi Osman,1610612739,CLE,23,14,5,9,0.357,4.4,0.4,1.3,0.333,0.1,0.5,0.143,0.1,0.3,0.25,0.1,0.4,0.5,0.2,0,0.2,0,0,0.4,0.1,1,0.8,61,35,26,0.574,11,1.5,3,0.484,0.5,1.4,0.368,0.4,0.8,0.565,0.3,1.7,2,0.7,0.5,0.4,0,0.1,1.3,0.7,3.9,0.6,2017-18,-0.37804878,-0.6,-0.733333333,-0.566666667,-0.311983471,-0.8,-0.642857143,-0.611413043,-0.75,-0.625,-0.557522124,-0.666666667,-0.764705882,-0.75,-0.714285714,-1,-0.5,,-1,-0.692307692,-0.857142857,-0.743589744,0.333333333,
25,1627767,Cheick Diallo,1610612740,NOP,21,7,4,3,0.571,6.9,0.7,1.7,0.417,0,0,0,0,0,0,0.6,0.7,1.3,0,0.1,0.1,0.1,0.3,1.3,0,1.4,-3.9,52,29,23,0.558,11.2,2,3.4,0.58,0,0,0,1,1.3,0.758,0.9,3.2,4.1,0.4,0.5,0.2,0.4,0.3,1.6,0.9,4.9,-2,2017-18,0.023297491,-0.383928571,-0.65,-0.5,-0.281034483,,,,-1,-1,-1,-0.333333333,-0.78125,-0.682926829,-1,-0.8,-0.5,-0.75,0,-0.1875,-1,-0.714285714,0.95,
26,1627778,Chinanu Onuaku,1610612745,HOU,21,1,1,0,1,3.2,0,0,0,0,0,0,0,0,0,1,0,1,1,0,1,0,0,1,0,0,-3,1,0,1,0,21.6,2,5,0.4,0,0,0,0,0,0,1,3,4,1,3,0,0,0,4,2,4,-8,2017-18,,-0.851851852,-1,-1,-1,,,,,,,0,-1,-0.75,0,-1,,,,-0.75,-1,-1,-0.625,
27,101108,Chris Paul,1610612745,HOU,33,15,11,4,0.733,34.5,7.9,17.1,0.459,2.5,6.6,0.374,2.9,3.5,0.83,0.6,5.3,5.9,5.8,1.9,2,0.3,0.3,3.1,4.7,21.1,4.1,58,50,8,0.862,31.8,6.3,13.8,0.46,2.5,6.5,0.38,3.5,3.8,0.919,0.6,4.8,5.4,7.9,2.2,1.7,0.2,0.3,2.4,3.6,18.6,8.6,2017-18,-0.149651972,0.08490566,0.253968254,0.239130435,-0.002173913,0,0.015384615,-0.015789474,-0.171428571,-0.078947368,-0.096844396,0,0.104166667,0.092592593,-0.265822785,-0.136363636,0.176470588,0.5,0,0.291666667,0.305555556,0.134408602,-0.523255814,
28,203991,Clint Capela,1610612745,HOU,24,17,11,6,0.647,30.6,5.6,8.5,0.66,0,0,0,1.5,3.2,0.473,3.6,8,11.6,1.3,0.9,0.8,2.1,0.5,2.2,2.6,12.7,2.2,74,62,12,0.838,27.5,6,9.1,0.652,0,0,0,1.9,3.5,0.56,3.3,7.6,10.8,0.9,1.4,0.8,1.9,0.9,2.5,2.9,13.9,5.1,2017-18,-0.227923628,0.112727273,-0.066666667,-0.065934066,0.012269939,,,,-0.210526316,-0.085714286,-0.155357143,0.090909091,0.052631579,0.074074074,0.444444444,-0.357142857,0,0.105263158,-0.444444444,-0.12,-0.103448276,-0.086330935,-0.568627451,
29,201147,Corey Brewer,1610612760,OKC,32,6,2,4,0.333,25.2,2.2,4.2,0.52,0.8,1.8,0.455,1,1,1,0.7,1.5,2.2,0.8,0.3,1.2,0.8,0.2,2.8,1.2,6.2,-7.3,72,32,40,0.444,16.8,2,4.4,0.449,0.4,1.5,0.282,0.9,1.3,0.722,0.6,1.5,2.1,0.9,0.7,1.1,0.2,0.3,1.9,1.3,5.3,-0.8,2017-18,-0.25,0.5,0.1,-0.045454545,0.158129176,1,0.2,0.613475177,0.111111111,-0.230769231,0.385041551,0.166666667,0,0.047619048,-0.111111111,-0.571428571,0.090909091,3,-0.333333333,0.473684211,-0.076923077,0.169811321,8.125,
30,202709,Cory Joseph,1610612754,IND,26,7,3,4,0.429,20.5,1.7,4.7,0.364,0.4,1.6,0.273,0.9,0.9,1,0.3,2.1,2.4,3,0.6,1.3,0.3,0,1.4,1,4.7,1.3,82,48,34,0.585,27,3.1,7.4,0.424,0.8,2.3,0.353,0.9,1.1,0.745,0.5,2.7,3.2,3.2,1.1,1,0.2,0.3,1.7,1.6,7.9,-0.6,2017-18,-0.266666667,-0.240740741,-0.451612903,-0.364864865,-0.141509434,-0.5,-0.304347826,-0.226628895,0,-0.181818182,0.342281879,-0.4,-0.222222222,-0.25,-0.0625,-0.454545455,0.3,0.5,-1,-0.176470588,-0.375,-0.405063291,-3.166666667,
31,1626177,Dakari Johnson,1610612760,OKC,22,2,0,2,0,1.6,0,0,0,0,0,0,0,0,0,0,0,0,0,0,0,0,0,0,0,0,4,31,21,10,0.677,5.2,0.7,1.3,0.564,0,0,0,0.4,0.6,0.55,0.5,0.6,1.1,0.3,0.1,0.2,0.3,0.1,0.9,0.5,1.8,1.1,2017-18,-1,-0.692307692,-1,-1,-1,,,,-1,-1,-1,-1,-1,-1,-1,-1,-1,-1,-1,-1,-1,-1,2.636363636,
32,1627745,Damian Jones,1610612744,GSW,23,4,4,0,1,2.7,0.3,0.5,0.5,0,0,0,0.5,0.8,0.667,0.3,0.5,0.8,0,0.8,0,0,0,1,0.5,1,-5,15,7,8,0.467,5.9,0.7,1.5,0.5,0,0,0,0.2,0.3,0.6,0.3,0.6,0.9,0.1,0.3,0.1,0.2,0.2,0.9,0.7,1.7,0,2017-18,1.141327623,-0.542372881,-0.571428571,-0.666666667,0,,,,1.5,1.666666667,0.111666667,0,-0.166666667,-0.111111111,-1,1.666666667,-1,-1,-1,0.111111111,-0.285714286,-0.411764706,,
33,203081,Damian Lillard,1610612757,POR,27,4,0,4,0,40.6,6.3,17.8,0.352,2.3,7.5,0.3,3.8,4.3,0.882,0.8,3.8,4.5,4.8,4,1.3,0,1.5,2,4.5,18.5,-10.5,73,44,29,0.603,36.6,8.5,19.4,0.439,3.1,8.6,0.361,6.8,7.4,0.916,0.8,3.6,4.5,6.6,2.8,1.1,0.4,1.2,1.6,5.4,26.9,4.7,2017-18,-1,0.109289617,-0.258823529,-0.082474227,-0.198177677,-0.258064516,-0.127906977,-0.168975069,-0.441176471,-0.418918919,-0.037117904,0,0.055555556,0,-0.272727273,0.428571429,0.181818182,-1,0.25,0.25,-0.166666667,-0.312267658,-3.234042553,
34,201980,Danny Green,1610612759,SAS,31,5,1,4,0.2,20.6,1.6,6,0.267,1,4,0.25,0,0,0,0.8,1.4,2.2,0.2,0.4,0.2,0.8,0.4,1.6,0.6,4.2,-9.4,70,40,30,0.571,25.6,3.1,8,0.387,1.7,4.6,0.363,0.7,0.9,0.769,0.6,3,3.6,1.6,1.1,0.9,1.1,0.2,1.7,1,8.6,1.3,2017-18,-0.649737303,-0.1953125,-0.483870968,-0.25,-0.310077519,-0.411764706,-0.130434783,-0.311294766,-1,-1,-1,0.333333333,-0.533333333,-0.388888889,-0.875,-0.636363636,-0.777777778,-0.272727273,1,-0.058823529,-0.4,-0.511627907,-8.230769231,
35,203957,Dante Exum,1610612762,UTA,22,10,5,5,0.5,11.4,2,4.1,0.488,0.2,0.7,0.286,0.9,1.2,0.75,0.4,1,1.4,1,1.5,0.1,0.1,0.3,1.5,1.4,5.1,-2.2,14,10,4,0.714,16.8,3,6.2,0.483,0.4,1.3,0.278,1.8,2.2,0.806,0.3,1.6,1.9,3.1,1.4,0.6,0.2,0.3,1.4,1.9,8.1,2.3,2017-18,-0.299719888,-0.321428571,-0.333333333,-0.338709677,0.010351967,-0.5,-0.461538462,0.028776978,-0.5,-0.454545455,-0.069478908,0.333333333,-0.375,-0.263157895,-0.677419355,0.071428571,-0.833333333,-0.5,0,0.071428571,-0.263157895,-0.37037037,-1.956521739,
36,203967,Dario Saric,1610612755,PHI,24,10,5,5,0.5,32.8,5.9,14,0.421,2,5.2,0.385,3.4,4,0.85,3.2,4.1,7.3,3.5,1.5,1,0.4,2,2.8,3.9,17.2,-2.2,78,49,29,0.628,29.6,5.2,11.4,0.453,2,5.1,0.393,2.3,2.7,0.86,2,4.7,6.7,2.6,1.9,0.7,0.3,0.7,2.1,2.2,14.6,3.7,2017-18,-0.203821656,0.108108108,0.134615385,0.228070175,-0.070640177,0,0.019607843,-0.020356234,0.47826087,0.481481481,-0.011627907,0.6,-0.127659574,0.089552239,0.346153846,-0.210526316,0.428571429,0.333333333,1.857142857,0.333333333,0.772727273,0.178082192,-1.594594595,
37,203121,Darius Miller,1610612740,NOP,28,9,5,4,0.556,18,1.6,3.8,0.412,1,2.7,0.375,0.7,0.7,1,0.2,2,2.2,1.2,0.7,0.6,0,0.2,1.1,0.6,4.8,0.4,82,48,34,0.585,23.7,2.6,5.9,0.444,1.8,4.4,0.411,0.7,0.8,0.866,0.2,1.8,2,1.4,0.7,0.3,0.2,0.1,2,0.5,7.8,-0.3,2017-18,-0.04957265,-0.240506329,-0.384615385,-0.355932203,-0.072072072,-0.444444444,-0.386363636,-0.087591241,0,-0.125,0.154734411,0,0.111111111,0.1,-0.142857143,0,1,-1,1,-0.45,0.2,-0.384615385,-2.333333333,
38,201954,Darren Collison,1610612754,IND,30,7,3,4,0.429,30.6,4.4,9.7,0.456,1.1,3.3,0.348,1.3,1.7,0.75,0.1,2.9,3,4.7,1.3,1,0,0.4,1,1.9,11.3,3.3,69,39,30,0.565,29.3,4.6,9.2,0.495,1.4,3,0.468,1.8,2.1,0.882,0.5,2,2.6,5.3,1.2,1.3,0.2,0.5,1.8,1.7,12.4,1.9,2017-18,-0.240707965,0.044368601,-0.043478261,0.054347826,-0.078787879,-0.214285714,0.1,-0.256410256,-0.277777778,-0.19047619,-0.149659864,-0.8,0.45,0.153846154,-0.113207547,0.083333333,-0.230769231,-1,-0.2,-0.444444444,0.117647059,-0.088709677,0.736842105,
39,204065,David Stockton,1610612762,UTA,27,2,1,1,0.5,2.9,0.5,1.5,0.333,0,0.5,0,0,0,0,0,0.5,0.5,0,0,0,0,0,0.5,0,1,1.5,3,3,0,1,3.1,0.7,1,0.667,0.7,1,0.667,1.3,1.3,1,0,0,0,0,0.3,0,0,0,1,0.7,3.3,-3.7,2017-18,-0.5,-0.064516129,-0.285714286,0.5,-0.500749625,-1,-0.5,-1,-1,-1,-1,,,,,-1,,,,-0.5,-1,-0.696969697,-1.405405405,
40,2561,David West,1610612744,GSW,37,18,14,4,0.778,9.7,1.5,2.5,0.6,0.1,0.1,0.5,0.2,0.2,1,0.6,1.4,2.1,1.8,0.6,0.3,0.6,0.1,1.3,0.6,3.3,0.1,73,52,21,0.712,13.7,3,5.2,0.571,0,0.1,0.375,0.8,1.1,0.759,0.9,2.4,3.3,1.9,1.1,0.6,1,0.2,1.6,1.1,6.8,0.5,2017-18,0.092696629,-0.291970803,-0.5,-0.519230769,0.050788091,,0,0.333333333,-0.75,-0.818181818,0.317523057,-0.333333333,-0.416666667,-0.363636364,-0.052631579,-0.454545455,-0.5,-0.4,-0.5,-0.1875,-0.454545455,-0.514705882,-0.8,
41,202722,Davis Bertans,1610612759,SAS,25,5,1,4,0.2,16.5,0.6,3.6,0.167,0.6,3.2,0.188,1.6,2.2,0.727,0.2,2,2.2,1.2,0.2,0.4,0,0.2,2,1.2,3.4,0.6,77,43,34,0.558,14.1,2.1,4.8,0.44,1.2,3.3,0.373,0.5,0.6,0.816,0.2,1.8,2,1,0.5,0.3,0.4,0.1,1.2,0.7,5.9,1.2,2017-18,-0.641577061,0.170212766,-0.714285714,-0.25,-0.620454545,-0.5,-0.03030303,-0.495978552,2.2,2.666666667,-0.109068627,0,0.111111111,0.1,0.2,-0.6,0.333333333,-1,1,0.666666667,0.714285714,-0.423728814,-0.5,
42,202732,DeAndre Liggins,1610612740,NOP,30,3,2,1,0.667,4.5,0,0.3,0,0,0,0,0.3,0.7,0.5,0,0.3,0.3,0,0.7,0,0,0.3,0,0.3,0.3,-7.3,58,34,24,0.586,12.5,0.7,1.8,0.377,0.3,0.9,0.358,0,0.1,0.4,0.1,1.2,1.3,0.8,0.3,0.6,0.2,0.1,1.4,0.5,1.7,-3.6,2017-18,0.138225256,-0.64,-1,-0.833333333,-1,-1,-1,-1,,6,0.25,-1,-0.75,-0.769230769,-1,1.333333333,-1,-1,2,-1,-0.4,-0.823529412,1.027777778,
43,201942,DeMar DeRozan,1610612761,TOR,28,10,4,6,0.4,35.4,8.7,19.9,0.437,1,3.5,0.286,4.3,5.3,0.811,0.6,3,3.6,4,2.3,0.5,0.6,1.2,2.4,4.4,22.7,-6.5,80,57,23,0.713,33.9,8.1,17.7,0.456,1.1,3.6,0.31,5.8,7,0.825,0.7,3.2,3.9,5.2,2.2,1.1,0.3,1,1.9,4.9,23,5.5,2017-18,-0.438990182,0.044247788,0.074074074,0.124293785,-0.041666667,-0.090909091,-0.027777778,-0.077419355,-0.25862069,-0.242857143,-0.016969697,-0.142857143,-0.0625,-0.076923077,-0.230769231,0.045454545,-0.545454545,1,0.2,0.263157895,-0.102040816,-0.013043478,-2.181818182,
44,1627749,Dejounte Murray,1610612759,SAS,21,5,1,4,0.2,19.2,2.8,6.2,0.452,0.8,1.2,0.667,1.4,1.8,0.778,0.8,3.4,4.2,1.8,1,1,0.4,0.6,2.2,1.4,7.8,-3.2,81,47,34,0.58,21.5,3.3,7.5,0.443,0.1,0.4,0.265,1.3,1.8,0.709,1.4,4.3,5.7,2.9,1.7,1.2,0.4,0.6,1.9,1.8,8.1,1.9,2017-18,-0.655172414,-0.106976744,-0.151515152,-0.173333333,0.020316027,7,2,1.516981132,0.076923077,0,0.097320169,-0.428571429,-0.209302326,-0.263157895,-0.379310345,-0.411764706,-0.166666667,0,0,0.157894737,-0.222222222,-0.037037037,-2.684210526,
45,1626153,Delon Wright,1610612761,TOR,26,10,4,6,0.4,21.5,3.1,6.8,0.456,0.9,2.1,0.429,1.5,1.6,0.938,0.3,1.9,2.2,2.3,0.9,1.5,0.9,0.3,1,1.1,8.6,-0.9,69,49,20,0.71,20.8,2.9,6.3,0.465,0.8,2.2,0.366,1.4,1.7,0.829,0.7,2.2,2.9,2.9,1.1,1,0.5,0.4,1.2,1.8,8,3.4,2017-18,-0.436619718,0.033653846,0.068965517,0.079365079,-0.019354839,0.125,-0.045454545,0.172131148,0.071428571,-0.058823529,0.131483715,-0.571428571,-0.136363636,-0.24137931,-0.206896552,-0.181818182,0.5,0.8,-0.25,-0.166666667,-0.388888889,0.075,-1.264705882,
46,202324,Derrick Favors,1610612762,UTA,26,11,5,6,0.455,26,3.8,6.2,0.618,0.2,0.5,0.4,1.5,3,0.485,1.8,3.4,5.2,1.2,0.9,0.7,1,0.3,1.5,2.2,9.3,3.3,77,46,31,0.597,28,5.1,9.1,0.563,0.2,0.8,0.222,1.8,2.8,0.651,2.6,4.6,7.2,1.3,1.1,0.7,1.1,0.5,2.1,2.3,12.3,1.9,2017-18,-0.237855946,-0.071428571,-0.254901961,-0.318681319,0.097690941,0,-0.375,0.801801802,-0.166666667,0.071428571,-0.25499232,-0.307692308,-0.260869565,-0.277777778,-0.076923077,-0.181818182,0,-0.090909091,-0.4,-0.285714286,-0.043478261,-0.243902439,0.736842105,
47,201565,Derrick Rose,1610612750,MIN,29,5,1,4,0.2,23.8,5.8,11.4,0.509,1.4,2,0.7,1.2,1.4,0.857,0.2,1.6,1.8,2.6,1.6,0.4,0,1.2,1.8,1,14.2,0.2,25,15,10,0.6,16.8,3.2,7.4,0.435,0.3,1.2,0.233,1.6,1.8,0.87,0.5,0.9,1.4,1.5,1.4,0.3,0.2,0.6,0.6,1.2,8.4,-2.1,2017-18,-0.666666667,0.416666667,0.8125,0.540540541,0.170114943,3.666666667,0.666666667,2.004291845,-0.25,-0.222222222,-0.014942529,-0.6,0.777777778,0.285714286,0.733333333,0.142857143,0.333333333,-1,1,2,-0.166666667,0.69047619,-1.095238095,
48,1628401,Derrick White,1610612759,SAS,23,3,0,3,0,6.1,1,2,0.5,0.3,0.7,0.5,0,0,0,0,0,0,0.3,0,0.3,0.7,0,0,0,2.3,0.7,17,7,10,0.412,8.2,0.9,1.9,0.485,0.5,0.8,0.615,0.8,1.2,0.7,0.3,1.2,1.5,0.5,0.4,0.2,0.2,0.1,0.5,0.8,3.2,1.8,2017-18,-1,-0.256097561,0.111111111,0.052631579,0.030927835,-0.4,-0.125,-0.18699187,-1,-1,-1,-1,-1,-1,-0.4,-1,0.5,2.5,-1,-1,-1,-0.28125,-0.611111111,
49,1627734,Domantas Sabonis,1610612754,IND,22,7,3,4,0.429,23.7,5.1,8.9,0.581,0.1,1,0.143,2,2.6,0.778,2,2.6,4.6,0.7,1,0.1,0.3,0.1,3.1,2.6,12.4,1.7,74,45,29,0.608,24.5,4.6,8.9,0.514,0.2,0.5,0.351,2.3,3,0.75,2.2,5.5,7.7,2,1.9,0.5,0.4,0.6,3,2.9,11.6,0.5,2017-18,-0.294407895,-0.032653061,0.108695652,0,0.130350195,-0.5,1,-0.592592593,-0.130434783,-0.133333333,0.037333333,-0.090909091,-0.527272727,-0.402597403,-0.65,-0.473684211,-0.8,-0.25,-0.833333333,0.033333333,-0.103448276,0.068965517,2.4,
50,1628378,Donovan Mitchell,1610612762,UTA,21,11,5,6,0.455,37.4,9.3,22.1,0.42,2.3,7.3,0.313,3.5,3.9,0.907,0.8,5.1,5.9,4.2,2.9,1.5,0.4,2.1,3.2,3.6,24.4,-2.3,79,46,33,0.582,33.4,7.5,17.2,0.437,2.4,7,0.34,3,3.8,0.805,0.7,3.1,3.7,3.7,2.7,1.5,0.3,1,2.7,3.3,20.5,4.5,2017-18,-0.218213058,0.119760479,0.24,0.284883721,-0.038901602,-0.041666667,0.042857143,-0.079411765,0.166666667,0.026315789,0.126708075,0.142857143,0.64516129,0.594594595,0.135135135,0.074074074,0,0.333333333,1.1,0.185185185,0.090909091,0.190243902,-1.511111111,
51,203110,Draymond Green,1610612744,GSW,28,21,16,5,0.762,39,4,9.1,0.432,1,3.8,0.266,1.9,2.3,0.796,2,8.6,10.6,8.1,3,2,1.5,0.6,3.6,3,10.8,8.7,70,48,22,0.686,32.7,4,8.8,0.454,1.1,3.7,0.301,1.9,2.5,0.775,1.1,6.6,7.6,7.3,2.9,1.4,1.3,0.5,2.6,2.5,11,4.4,2017-18,0.110787172,0.19266055,0,0.034090909,-0.04845815,-0.090909091,0.027027027,-0.11627907,0,-0.08,0.027096774,0.818181818,0.303030303,0.394736842,0.109589041,0.034482759,0.428571429,0.153846154,0.2,0.384615385,0.2,-0.018181818,0.977272727,
52,2548,Dwyane Wade,1610612748,MIA,36,5,1,4,0.2,25.5,6.2,14,0.443,0,0.8,0,4.2,5.2,0.808,0.6,3.6,4.2,3.6,2.2,1.4,0.2,0.4,2.2,3.4,16.6,1,67,37,30,0.552,22.9,4.5,10.2,0.438,0.5,1.7,0.288,2,2.8,0.714,0.7,3,3.8,3.4,2.1,0.9,0.7,0.5,1.9,2.1,11.4,0.4,2017-18,-0.637681159,0.113537118,0.377777778,0.37254902,0.011415525,-1,-0.529411765,-1,1.1,0.857142857,0.131652661,-0.142857143,0.2,0.105263158,0.058823529,0.047619048,0.555555556,-0.714285714,-0.2,0.157894737,0.619047619,0.456140351,1.5,
53,202734,E'Twaun Moore,1610612740,NOP,29,9,5,4,0.556,31.6,4.6,9.8,0.466,1,2.8,0.36,1.2,1.8,0.688,0.7,1.9,2.6,1.7,1.2,0.7,0.1,0.9,2.2,1.7,11.3,2.4,82,48,34,0.585,31.5,5.2,10.1,0.508,1.6,3.7,0.425,0.6,0.8,0.706,0.7,2.2,2.9,2.3,1.2,1,0.1,0.4,2.2,0.9,12.5,1.8,2017-18,-0.04957265,0.003174603,-0.115384615,-0.02970297,-0.082677165,-0.375,-0.243243243,-0.152941176,1,1.25,-0.025495751,0,-0.136363636,-0.103448276,-0.260869565,0,-0.3,0,1.25,0,0.888888889,-0.096,0.333333333,
54,202334,Ed Davis,1610612757,POR,29,4,0,4,0,17.7,1.3,2.5,0.5,0,0,0,0.3,1,0.25,1.3,6.8,8,0,1,0,0.3,0.8,1.8,1.5,2.8,0,78,48,30,0.615,18.9,2.2,3.7,0.582,0,0,0,0.9,1.4,0.667,2.3,5,7.4,0.5,0.8,0.4,0.7,0.4,2.4,1.5,5.3,1.2,2017-18,-1,-0.063492063,-0.409090909,-0.324324324,-0.140893471,,,,-0.666666667,-0.285714286,-0.625187406,-0.434782609,0.36,0.081081081,-1,0.25,-1,-0.571428571,1,-0.25,0,-0.471698113,-1,
55,202327,Ekpe Udoh,1610612762,UTA,31,6,2,4,0.333,3.5,0.2,0.2,1,0,0,0,0,0.7,0,0.2,0.3,0.5,0,0.2,0,0.3,0,0.3,0.3,0.3,-0.8,63,36,27,0.571,12.9,1,1.9,0.5,0,0,0,0.7,0.9,0.75,1.1,1.3,2.4,0.8,0.3,0.7,1.2,0.2,1.7,1,2.6,1,2017-18,-0.416812609,-0.728682171,-0.8,-0.894736842,1,,,,-1,-0.222222222,-1,-0.818181818,-0.769230769,-0.791666667,-1,-0.333333333,-1,-0.75,-1,-0.823529412,-0.7,-0.884615385,-1.8,
56,2731,Emeka Okafor,1610612740,NOP,35,1,1,0,1,3.6,0,1,0,0,0,0,0,0,0,0,0,0,0,0,0,0,0,1,0,0,-8,26,16,10,0.615,13.6,1.8,3.7,0.505,0,0,0,0.7,0.8,0.818,1.8,2.8,4.6,0.3,0.5,0.3,1,0.4,1.2,0.8,4.4,0,2017-18,0.62601626,-0.735294118,-1,-0.72972973,-1,,,,-1,-1,-1,-1,-1,-1,-1,-1,-1,-1,-1,-0.166666667,-1,-1,,
57,202339,Eric Bledsoe,1610612749,MIL,28,7,3,4,0.429,32.1,5.3,12,0.44,1,3.1,0.318,2,2.9,0.7,0.4,3.1,3.6,3.7,2.1,1,0.9,0.6,2.7,3.3,13.6,2.4,74,40,34,0.541,31.4,6.3,13.4,0.473,1.7,4.9,0.347,3.4,4.3,0.795,0.7,3.1,3.8,5,2.9,2,0.6,0.6,2.5,4.1,17.7,1.6,2017-18,-0.20702403,0.022292994,-0.158730159,-0.104477612,-0.069767442,-0.411764706,-0.367346939,-0.083573487,-0.411764706,-0.325581395,-0.119496855,-0.428571429,0,-0.052631579,-0.26,-0.275862069,-0.5,0.5,0,0.08,-0.195121951,-0.231638418,0.5,
58,201569,Eric Gordon,1610612745,HOU,29,17,11,6,0.647,32.3,4.9,13,0.38,2.5,7.6,0.331,3,3.6,0.836,0.5,2.1,2.6,1.6,1.4,0.6,0.5,0.9,1.7,2.8,15.4,-0.1,69,55,14,0.797,31.2,6,14.1,0.428,3.2,8.8,0.359,2.8,3.5,0.809,0.4,2.1,2.5,2.2,1.9,0.6,0.4,0.7,1.7,2.7,18,8.5,2017-18,-0.188205772,0.03525641,-0.183333333,-0.078014184,-0.112149533,-0.21875,-0.136363636,-0.077994429,0.071428571,0.028571429,0.033374536,0.25,0,0.04,-0.272727273,-0.263157895,0,0.25,0.285714286,0,0.037037037,-0.144444444,-1.011764706,
59,101141,Ersan Ilyasova,1610612755,PHI,31,10,5,5,0.5,23.3,3.6,8.4,0.429,0.9,3.1,0.29,1.2,2.1,0.571,2.6,5,7.6,1.3,1,0.7,0.4,0.6,2.5,2.2,9.3,4.7,69,36,33,0.522,25.1,4,8.9,0.452,1.3,3.7,0.36,1.5,2,0.778,1.7,4.2,5.9,1.3,1,0.9,0.4,0.3,2.3,2.4,10.9,0.3,2017-18,-0.042145594,-0.071713147,-0.1,-0.056179775,-0.050884956,-0.307692308,-0.162162162,-0.194444444,-0.2,0.05,-0.266066838,0.529411765,0.19047619,0.288135593,0,0,-0.222222222,0,1,0.086956522,-0.083333333,-0.146788991,14.66666667,
60,202323,Evan Turner,1610612757,POR,29,3,0,3,0,28.9,4,11,0.364,0.7,2.3,0.286,0.7,0.7,1,1.7,2.3,4,3.3,2,1,0.3,0.7,2.7,1,9.3,-6.7,79,48,31,0.608,25.7,3.3,7.3,0.447,0.5,1.7,0.318,1.2,1.4,0.85,0.4,2.7,3.1,2.2,1.3,0.6,0.4,0.2,2.1,1.5,8.2,-0.6,2017-18,-1,0.124513619,0.212121212,0.506849315,-0.185682327,0.4,0.352941176,-0.100628931,-0.416666667,-0.5,0.176470588,3.25,-0.148148148,0.290322581,0.5,0.538461538,0.666666667,-0.25,2.5,0.285714286,-0.333333333,0.134146341,10.16666667,
61,1627832,Fred VanVleet,1610612761,TOR,24,6,2,4,0.333,19.1,2.2,6.5,0.333,1.3,4.7,0.286,1.2,1.3,0.875,0,1.7,1.7,2.2,0.7,0,0,0.5,1.3,1.8,6.8,1,76,55,21,0.724,20,3.1,7.2,0.426,1.4,3.4,0.414,1.1,1.3,0.832,0.3,2.1,2.4,3.2,1,0.9,0.3,0.6,1.7,1.5,8.6,4.6,2017-18,-0.540055249,-0.045,-0.290322581,-0.097222222,-0.218309859,-0.071428571,0.382352941,-0.309178744,0.090909091,0,0.051682692,-1,-0.19047619,-0.291666667,-0.3125,-0.3,-1,-1,-0.166666667,-0.235294118,0.2,-0.209302326,-0.782608696,
62,1627788,Furkan Korkmaz,1610612755,PHI,20,1,1,0,1,1.6,1,1,1,1,1,1,0,0,0,0,0,0,0,0,0,0,0,1,0,3,3,14,11,3,0.786,5.7,0.6,2,0.286,0.4,1.2,0.294,0.1,0.3,0.5,0.1,0.6,0.8,0.3,0.1,0.1,0.1,0.1,0.9,0.3,1.6,-3.1,2017-18,0.272264631,-0.719298246,0.666666667,-0.5,2.496503497,1.5,-0.166666667,2.401360544,-1,-1,-1,-1,-1,-1,-1,-1,-1,-1,-1,0.111111111,-1,0.875,-1.967741935,
63,201588,George Hill,1610612739,CLE,32,19,10,9,0.526,29.3,3.1,6.9,0.45,0.8,2.7,0.314,2.2,2.8,0.774,0.7,1.5,2.2,2.2,1.2,0.5,0.4,0.5,2.7,2.7,9.2,0.9,67,28,39,0.418,27,3.5,7.7,0.46,1.3,3.1,0.415,1.6,2.1,0.786,0.6,2.1,2.7,2.8,1.3,0.9,0.4,0.3,1.9,2.3,10,-1.8,2017-18,0.258373206,0.085185185,-0.114285714,-0.103896104,-0.02173913,-0.384615385,-0.129032258,-0.243373494,0.375,0.333333333,-0.015267176,0.166666667,-0.285714286,-0.185185185,-0.214285714,-0.076923077,-0.444444444,0,0.666666667,0.421052632,0.173913043,-0.08,-1.5,
64,101123,Gerald Green,1610612745,HOU,32,17,11,6,0.647,16,2.2,5.5,0.394,1.6,4.2,0.375,0.4,0.4,0.857,0.4,2.6,2.9,0.1,0.6,0.2,0.4,0.1,1.6,0.2,6.3,-1.1,41,33,8,0.805,22.7,4.1,10.1,0.407,2.7,7.3,0.369,1.2,1.5,0.85,0.4,2.9,3.2,0.6,0.8,0.6,0.4,0.2,2.1,1.1,12.1,2.3,2017-18,-0.196273292,-0.295154185,-0.463414634,-0.455445545,-0.031941032,-0.407407407,-0.424657534,0.016260163,-0.666666667,-0.733333333,0.008235294,0,-0.103448276,-0.09375,-0.833333333,-0.25,-0.666666667,0,-0.5,-0.238095238,-0.818181818,-0.479338843,-1.47826087,
65,203507,Giannis Antetokounmpo,1610612749,MIL,23,7,3,4,0.429,40,9.9,17.3,0.57,0.6,2,0.286,5.4,7.9,0.691,1.1,8.4,9.6,6.3,2.4,1.4,0.9,0.7,4,6,25.7,-1.6,75,39,36,0.52,36.7,9.9,18.7,0.529,0.6,1.9,0.307,6.5,8.5,0.76,2.1,8,10,4.8,3,1.5,1.4,1.1,3.1,6.8,26.9,2,2017-18,-0.175,0.089918256,0,-0.07486631,0.077504726,0,0.052631579,-0.068403909,-0.169230769,-0.070588235,-0.090789474,-0.476190476,0.05,-0.04,0.3125,-0.2,-0.066666667,-0.357142857,-0.363636364,0.290322581,-0.117647059,-0.044609665,-1.8,
66,203922,Glenn Robinson III,1610612754,IND,24,2,1,1,0.5,2.8,0.5,0.5,1,0,0,0,0,0,0,0,0.5,0.5,0,0,0,0,0,0,0,1,0.5,23,14,9,0.609,14.7,1.6,3.7,0.424,0.6,1.5,0.412,0.4,0.5,0.818,0.5,1.1,1.6,0.7,0.2,0.6,0,0.2,0.6,0.7,4.1,0,2017-18,-0.178981938,-0.80952381,-0.6875,-0.864864865,1.358490566,-1,-1,-1,-1,-1,-1,-1,-0.545454545,-0.6875,-1,-1,-1,,-1,-1,-1,-0.756097561,,
67,201609,Goran Dragic,1610612748,MIA,32,5,1,4,0.2,31.3,7,15,0.467,1.6,4.2,0.381,3,4.4,0.682,0.6,2,2.6,4.6,3,1,0,1,3,3.8,18.6,-5.2,75,39,36,0.52,31.7,6.5,14.3,0.45,1.5,4,0.37,2.9,3.6,0.801,0.7,3.4,4.1,4.8,2.2,0.8,0.2,0.7,2.4,3.4,17.3,0.3,2017-18,-0.615384615,-0.012618297,0.076923077,0.048951049,0.037777778,0.066666667,0.05,0.02972973,0.034482759,0.222222222,-0.148564295,-0.142857143,-0.411764706,-0.365853659,-0.041666667,0.363636364,0.25,-1,0.428571429,0.25,0.117647059,0.075144509,-18.33333333,
68,203476,Gorgui Dieng,1610612750,MIN,28,5,1,4,0.2,14.1,1.2,3.6,0.333,0.4,1,0.4,0.6,0.8,0.75,0.6,3,3.6,0.8,0.2,0.4,0.8,0.2,1.2,0.6,3.4,-0.2,79,45,34,0.57,16.9,2.4,4.9,0.479,0.2,0.8,0.311,1,1.3,0.775,1.3,3.2,4.6,0.9,0.7,0.6,0.5,0.4,1.9,1.2,5.9,-2.6,2017-18,-0.649122807,-0.165680473,-0.5,-0.265306122,-0.30480167,1,0.25,0.286173633,-0.4,-0.384615385,-0.032258065,-0.538461538,-0.0625,-0.217391304,-0.111111111,-0.714285714,-0.333333333,0.6,-0.5,-0.368421053,-0.5,-0.423728814,-0.923076923,
69,202328,Greg Monroe,1610612738,BOS,28,11,5,6,0.455,9.5,1.7,3.5,0.5,0,0,0,1.4,2,0.682,1.3,1.9,3.2,0.5,1.3,0.2,0.2,0.6,0.8,1.6,4.8,-1.5,51,21,30,0.412,20.4,4.3,7.6,0.565,0,0,0,1.7,2.3,0.739,2.1,4.7,6.9,2.2,1.8,0.9,0.5,0.5,1.9,2.1,10.3,-4.2,2017-18,0.104368932,-0.534313725,-0.604651163,-0.539473684,-0.115044248,,,,-0.176470588,-0.130434783,-0.077131258,-0.380952381,-0.595744681,-0.536231884,-0.772727273,-0.277777778,-0.777777778,-0.6,0.2,-0.578947368,-0.238095238,-0.533980583,-0.642857143,
70,1627824,Guerschon Yabusele,1610612738,BOS,22,12,6,6,0.5,4,0.1,0.8,0.111,0,0.5,0,0.2,0.4,0.4,0.3,0.7,0.9,0.3,0,0.2,0,0.2,0.8,0.3,0.3,-0.3,33,24,9,0.727,7.1,0.8,1.8,0.426,0.4,1.1,0.324,0.5,0.7,0.682,0.5,1.1,1.6,0.5,0.4,0.1,0.2,0,0.7,0.4,2.4,-0.2,2017-18,-0.312242091,-0.436619718,-0.875,-0.555555556,-0.73943662,-1,-0.545454545,-1,-0.6,-0.428571429,-0.413489736,-0.4,-0.363636364,-0.4375,-0.4,-1,1,-1,,0.142857143,-0.25,-0.875,0.5,
71,202355,Hassan Whiteside,1610612748,MIA,29,5,1,4,0.2,15.4,1.8,4,0.45,0,0,0,1.6,2.6,0.615,2,4,6,0.2,2.4,0,1.2,0.2,3.2,2.6,5.2,-5.2,54,30,24,0.556,25.3,5.8,10.7,0.54,0,0,1,2.4,3.4,0.703,3.2,8.2,11.4,1,1.7,0.7,1.7,1,2.4,3.1,14,-1.5,2017-18,-0.64028777,-0.391304348,-0.689655172,-0.626168224,-0.166666667,,,-1,-0.333333333,-0.235294118,-0.125177809,-0.375,-0.512195122,-0.473684211,-0.8,0.411764706,-1,-0.294117647,-0.8,0.333333333,-0.161290323,-0.628571429,2.466666667,
72,203546,Ian Clark,1610612740,NOP,27,9,5,4,0.556,21.1,3.1,7.3,0.424,1.1,3.1,0.357,0.4,0.4,1,0.2,0.9,1.1,1.2,1,0.9,0.2,0.4,2.2,0.8,7.8,-4.2,74,43,31,0.581,19.7,3,6.7,0.448,0.8,2.6,0.318,0.6,0.8,0.763,0.1,1.6,1.7,1.5,0.8,0.4,0.1,0.4,1.6,0.7,7.4,0.4,2017-18,-0.04302926,0.07106599,0.033333333,0.089552239,-0.053571429,0.375,0.192307692,0.122641509,-0.333333333,-0.5,0.31061599,1,-0.4375,-0.352941176,-0.2,0.25,1.25,1,0,0.375,0.142857143,0.054054054,-11.5,
73,101133,Ian Mahinmi,1610612764,WAS,31,6,2,4,0.333,8.7,1.7,2.3,0.714,0,0,0,1.7,1.8,0.909,0.7,1.2,1.8,0.2,0.2,0.7,0.8,0.2,1.7,1,5,0.8,77,42,35,0.545,14.9,1.8,3.2,0.556,0,0,0,1.2,1.7,0.703,1.8,2.3,4.1,0.7,1.3,0.5,0.5,0.3,3,1.5,4.8,0.2,2017-18,-0.388990826,-0.416107383,-0.055555556,-0.28125,0.284172662,,,,0.416666667,0.058823529,0.293029872,-0.611111111,-0.47826087,-0.56097561,-0.714285714,-0.846153846,0.4,0.6,-0.333333333,-0.433333333,-0.333333333,0.041666667,3,
74,200755,JJ Redick,1610612755,PHI,34,10,5,5,0.5,34.2,6,13.5,0.444,2.6,7.5,0.347,3.6,4.2,0.857,0.3,1.2,1.5,2.6,1.1,0.8,0.1,0.6,2.1,3.4,18.2,5.1,70,45,25,0.643,30.2,5.8,12.6,0.46,2.8,6.6,0.42,2.8,3.1,0.904,0.1,2.4,2.5,3,1.5,0.5,0.1,0.4,1.8,2.4,17.1,4.4,2017-18,-0.222395023,0.132450331,0.034482759,0.071428571,-0.034782609,-0.071428571,0.136363636,-0.173809524,0.285714286,0.35483871,-0.05199115,2,-0.5,-0.4,-0.133333333,-0.266666667,0.6,0,0.5,0.166666667,0.416666667,0.064327485,0.159090909,
75,2747,JR Smith,1610612739,CLE,32,22,12,10,0.545,32.1,3,8.5,0.348,2,5.5,0.367,0.8,1,0.773,0.5,2.3,2.7,1.1,0.9,1,0.2,0.1,2.5,1.5,8.7,-0.5,80,49,31,0.613,28.1,3,7.4,0.403,1.8,4.8,0.375,0.5,0.7,0.696,0.4,2.6,2.9,1.8,1,0.9,0.1,0.1,2,0.9,8.3,-1.5,2017-18,-0.110929853,0.142348754,0,0.148648649,-0.136476427,0.111111111,0.145833333,-0.021333333,0.6,0.428571429,0.110632184,0.25,-0.115384615,-0.068965517,-0.388888889,-0.1,0.111111111,1,0,0.25,0.666666667,0.048192771,-0.666666667,
76,201580,JaVale McGee,1610612744,GSW,30,13,11,2,0.846,12.2,3,4.5,0.672,0,0.1,0,0.5,0.7,0.667,1.2,2,3.2,0.3,0.4,0.2,0.8,0,1.5,1.2,6.5,2.8,65,45,20,0.692,9.5,2.1,3.4,0.621,0,0.1,0,0.6,0.8,0.731,0.9,1.7,2.6,0.5,0.4,0.3,0.9,0.1,1.4,0.7,4.8,0.6,2017-18,0.222543353,0.284210526,0.428571429,0.323529412,0.082125604,,0,,-0.166666667,-0.125,-0.0875513,0.333333333,0.176470588,0.230769231,-0.4,0,-0.333333333,-0.111111111,-1,0.071428571,0.714285714,0.354166667,3.666666667,
77,203953,Jabari Parker,1610612749,MIL,23,7,3,4,0.429,23.9,4,8.9,0.452,0.9,2.7,0.316,1.1,1.9,0.615,1.1,5,6.1,1.4,0.9,1,0.6,0.7,2.1,1.1,10,-2.3,31,16,15,0.516,24,5.2,10.7,0.482,1,2.6,0.383,1.3,1.7,0.741,1.4,3.5,4.9,1.9,1.5,0.8,0.3,0.5,1.6,1.2,12.6,-2.1,2017-18,-0.168604651,-0.004166667,-0.230769231,-0.168224299,-0.062240664,-0.1,0.038461538,-0.174934726,-0.153846154,0.117647059,-0.170040486,-0.214285714,0.428571429,0.244897959,-0.263157895,-0.4,0.25,1,0.4,0.3125,-0.083333333,-0.206349206,0.095238095,
78,203109,Jae Crowder,1610612762,UTA,27,11,5,6,0.455,29.4,3.2,9.8,0.324,2,6,0.333,1.6,2.5,0.643,0.4,4.7,5.1,1.7,1.3,1.4,0.2,0.3,2.3,1.9,10,-5.9,80,52,28,0.65,26.1,3.4,8.4,0.404,1.4,4.3,0.323,1.5,1.9,0.818,0.7,2.7,3.4,1.2,0.9,0.8,0.3,0.4,2.3,1.5,9.7,0.3,2017-18,-0.3,0.126436782,-0.058823529,0.166666667,-0.198019802,0.428571429,0.395348837,0.030959752,0.066666667,0.315789474,-0.21393643,-0.428571429,0.740740741,0.5,0.416666667,0.444444444,0.75,-0.333333333,-0.25,0,0.266666667,0.030927835,-20.66666667,
79,1627774,Jake Layman,1610612757,POR,24,1,0,1,0,7.9,3,3,1,0,0,0,0,0,0,0,1,1,1,0,2,0,0,0,0,6,11,35,22,13,0.629,4.6,0.4,1.3,0.298,0.1,0.6,0.2,0.1,0.1,0.667,0.1,0.3,0.5,0.3,0.1,0.2,0.1,0,0.4,0.1,1,-0.6,2017-18,-1,0.717391304,6.5,1.307692308,2.355704698,-1,-1,-1,-1,-1,-1,-1,2.333333333,1,2.333333333,-1,9,-1,,-1,-1,5,-19.33333333,
80,1627751,Jakob Poeltl,1610612761,TOR,22,9,4,5,0.444,15.5,1.9,3.4,0.548,0,0.1,0,1.7,2.1,0.789,1.7,2.3,4,0.7,0.9,0.3,0.4,0,2.8,1.7,5.4,-4,82,59,23,0.72,18.6,3.1,4.7,0.659,0,0,0.5,0.7,1.2,0.594,2,2.8,4.8,0.7,1,0.5,1.2,0.4,2.6,1.4,6.9,3,2017-18,-0.383333333,-0.166666667,-0.387096774,-0.276595745,-0.168437026,,,-1,1.428571429,0.75,0.328282828,-0.15,-0.178571429,-0.166666667,0,-0.1,-0.4,-0.666666667,-1,0.076923077,0.214285714,-0.217391304,-2.333333333,
81,2037,Jamal Crawford,1610612750,MIN,38,5,1,4,0.2,24.6,4.2,9.4,0.447,1.4,3.4,0.412,2,2.6,0.769,0.2,2.4,2.6,2.4,1,1,0,0.2,1.2,1.8,11.8,-1,80,45,35,0.563,20.7,3.9,9.3,0.415,1.3,3.9,0.331,1.3,1.4,0.903,0.3,1,1.2,2.3,1.2,0.5,0.1,0.2,1.1,1.5,10.3,-1.9,2017-18,-0.644760213,0.188405797,0.076923077,0.010752688,0.077108434,0.076923077,-0.128205128,0.244712991,0.538461538,0.857142857,-0.148394241,-0.333333333,1.4,1.166666667,0.043478261,-0.166666667,1,-1,0,0.090909091,0.2,0.145631068,-0.473684211,
82,201935,James Harden,1610612745,HOU,28,17,11,6,0.647,36.5,9.3,22.6,0.41,3.1,10.2,0.299,6.9,7.8,0.887,0.8,4.4,5.2,6.8,3.8,2.2,0.6,1.4,2.7,5.4,28.6,4.4,72,59,13,0.819,35.4,9,20.1,0.449,3.7,10,0.367,8.7,10.1,0.858,0.6,4.8,5.4,8.8,4.4,1.8,0.7,1.4,2.3,7,30.4,7.3,2017-18,-0.21001221,0.031073446,0.033333333,0.124378109,-0.086859688,-0.162162162,0.02,-0.185286104,-0.206896552,-0.227722772,0.033799534,0.333333333,-0.083333333,-0.037037037,-0.227272727,-0.136363636,0.222222222,-0.142857143,0,0.173913043,-0.228571429,-0.059210526,-0.397260274,
83,201949,James Johnson,1610612748,MIA,31,5,1,4,0.2,32.1,4.6,8.4,0.548,1.4,2.6,0.538,1.8,2.8,0.643,0.6,5.4,6,4.8,2,1.2,1.2,0.6,3.4,2,12.4,-8.4,73,37,36,0.507,26.6,4.2,8.4,0.503,0.8,2.5,0.308,1.5,2.2,0.698,0.8,4.1,4.9,3.8,1.9,1,0.7,0.4,2.6,1.7,10.8,0,2017-18,-0.605522682,0.206766917,0.095238095,0,0.089463221,0.75,0.04,0.746753247,0.2,0.272727273,-0.078796562,-0.25,0.317073171,0.224489796,0.263157895,0.052631579,0.2,0.714285714,0.5,0.307692308,0.176470588,0.148148148,,
84,201160,Jason Smith,1610612764,WAS,32,1,1,0,1,2.2,0,0,0,0,0,0,0,0,0,0,0,0,0,0,0,0,0,0,0,0,-1,33,15,18,0.455,8.6,1.4,3.5,0.391,0.1,1,0.125,0.6,0.6,0.905,0.5,1.1,1.6,0.4,0.5,0.1,0.4,0.2,1.3,0.8,3.4,-2.5,2017-18,1.197802198,-0.744186047,-1,-1,-1,-1,-1,-1,-1,-1,-1,-1,-1,-1,-1,-1,-1,-1,-1,-1,-1,-1,-0.6,
85,1891,Jason Terry,1610612749,MIL,40,3,0,3,0,14.6,0.7,1.7,0.4,0.7,1.7,0.4,0,0,0,0.3,0.3,0.7,0.7,0.3,0.3,0,0,0.7,0,2,0.3,51,27,24,0.529,16,1.2,3,0.383,0.8,2.3,0.348,0.2,0.2,0.889,0.1,0.8,0.9,1.2,0.5,0.8,0.3,0.1,1,0.2,3.3,0.4,2017-18,-1,-0.0875,-0.416666667,-0.433333333,0.044386423,-0.125,-0.260869565,0.149425287,-1,-1,-1,2,-0.625,-0.222222222,-0.416666667,-0.4,-0.625,-1,-1,-0.3,-1,-0.393939394,-0.25,
86,1627759,Jaylen Brown,1610612738,BOS,21,18,10,8,0.556,32.4,6.9,14.8,0.466,2.4,6.2,0.393,1.8,2.8,0.64,0.9,3.9,4.8,1.4,1.3,0.8,0.6,1.6,3.2,2.6,18,1.2,70,47,23,0.671,30.7,5.3,11.5,0.465,1.7,4.4,0.395,2.1,3.3,0.644,0.9,4,4.9,1.6,1.8,1,0.4,0.8,2.6,2.9,14.5,4.9,2017-18,-0.171385991,0.055374593,0.301886792,0.286956522,0.002150538,0.411764706,0.409090909,-0.005063291,-0.142857143,-0.151515152,-0.00621118,0,-0.025,-0.020408163,-0.125,-0.277777778,-0.2,0.5,1,0.230769231,-0.103448276,0.24137931,-0.755102041,
87,1628369,Jayson Tatum,1610612738,BOS,20,19,11,8,0.579,35.9,6.5,13.7,0.471,1.2,3.7,0.324,4.3,5.1,0.845,0.5,3.8,4.4,2.7,2.2,1.2,0.5,0.9,2.6,4.2,18.5,2.7,80,53,27,0.663,30.5,5,10.4,0.475,1.3,3,0.434,2.7,3.2,0.826,0.6,4.4,5,1.6,1.4,1,0.7,0.7,2.1,2.5,13.9,4.3,2017-18,-0.126696833,0.17704918,0.3,0.317307692,-0.008421053,-0.076923077,0.233333333,-0.253456221,0.592592593,0.59375,0.023002421,-0.166666667,-0.136363636,-0.12,0.6875,0.571428571,0.2,-0.285714286,0.285714286,0.238095238,0.68,0.330935252,-0.372093023,
88,201145,Jeff Green,1610612739,CLE,31,22,12,10,0.545,23.8,2.6,6.5,0.408,1,3.2,0.3,1.5,2.1,0.717,0.3,2.1,2.4,1.5,0.8,0.3,0.7,0.4,1.6,1.5,7.7,-1.6,78,47,31,0.603,23.4,3.8,7.9,0.477,0.7,2.2,0.312,2.6,3,0.868,0.8,2.4,3.2,1.3,1,0.5,0.4,0.5,1.9,2.4,10.8,1.3,2017-18,-0.096185738,0.017094017,-0.315789474,-0.17721519,-0.144654088,0.428571429,0.454545455,-0.038461538,-0.423076923,-0.3,-0.173963134,-0.625,-0.125,-0.25,0.153846154,-0.2,-0.4,0.75,-0.2,-0.157894737,-0.375,-0.287037037,-2.230769231,
89,201952,Jeff Teague,1610612750,MIN,30,5,1,4,0.2,30.6,4.6,10.2,0.451,1.4,3.6,0.389,2.4,3.4,0.706,0.6,3,3.6,5.8,2.8,0.6,0.4,0.8,3.8,2.6,13,-11,70,41,29,0.586,33,5.1,11.3,0.446,1.2,3.3,0.368,2.9,3.4,0.845,0.3,2.6,3,7,2.5,1.5,0.3,0.7,2.4,3.3,14.2,2,2017-18,-0.658703072,-0.072727273,-0.098039216,-0.097345133,0.011210762,0.166666667,0.090909091,0.057065217,-0.172413793,0,-0.164497041,1,0.153846154,0.2,-0.171428571,0.12,-0.6,0.333333333,0.142857143,0.583333333,-0.212121212,-0.084507042,-6.5,
90,203924,Jerami Grant,1610612760,OKC,24,6,2,4,0.333,22.1,3,5.8,0.514,0.3,1.3,0.25,0.8,1.8,0.455,1.3,2,3.3,1,1,0.7,0.5,1,2.5,1,7.2,4.8,81,48,33,0.593,20.3,3,5.6,0.535,0.4,1.4,0.291,2,3,0.675,1.1,2.9,3.9,0.7,0.7,0.4,1,0.6,1.9,2.7,8.4,0.2,2017-18,-0.438448567,0.088669951,0,0.035714286,-0.039252336,-0.25,-0.071428571,-0.140893471,-0.6,-0.4,-0.325925926,0.181818182,-0.310344828,-0.153846154,0.428571429,0.428571429,0.75,-0.5,0.666666667,0.315789474,-0.62962963,-0.142857143,23,
91,201573,Jerryd Bayless,1610612755,PHI,29,1,0,1,0,1.7,0,0,0,0,0,0,0,0,0,0,0,0,0,0,0,0,0,0,0,0,1,39,21,18,0.538,23.7,2.8,6.7,0.416,1.4,3.7,0.37,0.9,1.1,0.795,0.4,1.7,2.1,1.4,1.2,0.6,0.2,0.5,2.3,1.1,7.9,-1.8,2017-18,-1,-0.928270042,-1,-1,-1,-1,-1,-1,-1,-1,-1,-1,-1,-1,-1,-1,-1,-1,-1,-1,-1,-1,-1.555555556,
92,202710,Jimmy Butler,1610612750,MIN,28,5,1,4,0.2,34.1,5.6,12.6,0.444,1.6,3.4,0.471,3,3.6,0.833,0.6,5.4,6,4,1,0.8,0.2,1.2,1.8,2.8,15.8,-2.4,59,37,22,0.627,36.7,7.4,15.6,0.474,1.2,3.4,0.35,6.2,7.2,0.854,1.3,4,5.3,4.9,1.8,2,0.4,0.7,1.3,5.2,22.2,6.3,2017-18,-0.681020734,-0.070844687,-0.243243243,-0.192307692,-0.063291139,0.333333333,0,0.345714286,-0.516129032,-0.5,-0.024590164,-0.538461538,0.35,0.132075472,-0.183673469,-0.444444444,-0.6,-0.5,0.714285714,0.384615385,-0.461538462,-0.288288288,-1.380952381,
93,204060,Joe Ingles,1610612762,UTA,30,11,5,6,0.455,34.8,5.2,11,0.471,3.2,7,0.455,1,1.5,0.647,0.5,3.9,4.4,3.4,2.4,0.5,0.2,0.2,2.6,1.8,14.5,2.1,82,48,34,0.585,31.4,4.1,8.8,0.467,2.5,5.7,0.44,0.8,1,0.795,0.3,3.9,4.2,4.8,1.9,1.1,0.2,0.3,2.2,1.7,11.5,3.2,2017-18,-0.222222222,0.108280255,0.268292683,0.25,0.00856531,0.28,0.228070175,0.034090909,0.25,0.5,-0.186163522,0.666666667,0,0.047619048,-0.291666667,0.263157895,-0.545454545,0,-0.333333333,0.181818182,0.058823529,0.260869565,-0.34375,
94,2207,Joe Johnson,1610612745,HOU,37,8,5,3,0.625,6.7,0.8,2.1,0.353,0,0.4,0,0,0,0,0,1.3,1.3,0.4,0.4,0,0.1,0,0.5,0,1.5,-5,55,35,20,0.636,21.9,2.7,6.5,0.406,0.7,2.6,0.276,0.7,0.8,0.889,0.3,2.9,3.1,1.5,0.9,0.3,0.1,0.1,1.2,0.7,6.8,-1.5,2017-18,-0.017295597,-0.694063927,-0.703703704,-0.676923077,-0.130541872,-1,-0.846153846,-1,-1,-1,-1,-1,-0.551724138,-0.580645161,-0.733333333,-0.555555556,-1,0,-1,-0.583333333,-1,-0.779411765,2.333333333,
95,1626202,Joe Young,1610612754,IND,26,1,1,0,1,2.7,0,0,0,0,0,0,0,0,0,0,0,0,0,0,0,0,0,1,0,0,2,53,28,25,0.528,10.5,1.5,3.5,0.43,0.5,1.2,0.379,0.4,0.5,0.759,0.2,1,1.2,0.7,0.5,0.3,0,0.2,0.7,0.7,3.9,-1,2017-18,0.893939394,-0.742857143,-1,-1,-1,-1,-1,-1,-1,-1,-1,-1,-1,-1,-1,-1,-1,,-1,0.428571429,-1,-1,-3,
96,203954,Joel Embiid,1610612755,PHI,24,8,4,4,0.5,34.8,7.5,17.3,0.435,1,3.6,0.276,5.4,7.6,0.705,2.9,9.8,12.6,3,3.6,0.9,1.8,1.5,3.9,6.8,21.4,5.4,63,41,22,0.651,30.4,8.1,16.8,0.483,1,3.4,0.308,5.7,7.4,0.769,2.3,8.7,11,3.2,3.7,0.6,1.8,1.2,3.3,6.5,22.9,7.7,2017-18,-0.231950845,0.144736842,-0.074074074,0.029761905,-0.099378882,0,0.058823529,-0.103896104,-0.052631579,0.027027027,-0.083224967,0.260869565,0.126436782,0.145454545,-0.0625,-0.027027027,0.5,0,0.25,0.181818182,0.046153846,-0.065502183,-0.298701299,
97,203530,Joffrey Lauvergne,1610612759,SAS,26,1,0,1,0,5.9,1,1,1,0,0,0,0,0,0,0,1,1,0,0,0,0,0,0,1,2,3,55,30,25,0.545,9.7,1.8,3.5,0.516,0,0.1,0,0.5,0.9,0.638,1.1,2,3.1,0.7,0.6,0.2,0.1,0.4,0.8,0.7,4.1,-1.2,2017-18,-1,-0.391752577,-0.444444444,-0.714285714,0.937984496,,-1,,-1,-1,-1,-1,-0.5,-0.677419355,-1,-1,-1,-1,-1,-1,0.428571429,-0.512195122,-3.5,
98,203089,John Henson,1610612749,MIL,27,2,0,2,0,37.1,4.5,6.5,0.692,0,0,0,0.5,1,0.5,2,4,6,2.5,2,0,3.5,0,2,1,9.5,0,76,39,37,0.513,25.9,3.8,6.6,0.572,0,0.1,0.143,1.2,2.1,0.57,2,4.8,6.8,1.5,1.1,0.6,1.4,0.4,2.7,2,8.8,2.2,2017-18,-1,0.432432432,0.184210526,-0.015151515,0.20979021,,-1,-1,-0.583333333,-0.523809524,-0.122807018,0,-0.166666667,-0.117647059,0.666666667,0.818181818,-1,1.5,-1,-0.259259259,-0.5,0.079545455,-1,
99,202322,John Wall,1610612764,WAS,27,6,2,4,0.333,39.1,9.3,21.2,0.441,0.7,3.5,0.19,6.7,7.8,0.851,0.5,5.2,5.7,11.5,4.5,2.3,1.3,1.2,2.7,6.3,26,-0.5,41,23,18,0.561,34.4,6.8,16.3,0.42,1.5,4.1,0.371,4.3,5.9,0.726,0.5,3.1,3.7,9.6,3.9,1.4,1.1,1.1,2,4.9,19.4,3.1,2017-18,-0.406417112,0.136627907,0.367647059,0.300613497,0.05,-0.533333333,-0.146341463,-0.48787062,0.558139535,0.322033898,0.172176309,0,0.677419355,0.540540541,0.197916667,0.153846154,0.642857143,0.181818182,0.090909091,0.35,0.285714286,0.340206186,-1.161290323,
100,201973,Jonas Jerebko,1610612762,UTA,31,10,4,6,0.4,7.9,0.8,1.9,0.421,0.1,0.6,0.167,0.2,0.2,1,0.4,1.2,1.6,0.3,0.1,0.3,0,0.1,0.9,0.2,1.9,-1,74,45,29,0.608,15.3,2.1,4.6,0.466,0.9,2.1,0.414,0.6,0.8,0.807,0.7,2.6,3.3,0.6,0.4,0.3,0.2,0.2,1.7,0.8,5.8,0.8,2017-18,-0.342105263,-0.483660131,-0.619047619,-0.586956522,-0.096566524,-0.888888889,-0.714285714,-0.596618357,-0.666666667,-0.75,0.239157373,-0.428571429,-0.538461538,-0.515151515,-0.5,-0.75,0,-1,-0.5,-0.470588235,-0.75,-0.672413793,-2.25,
101,202685,Jonas Valanciunas,1610612761,TOR,26,10,4,6,0.4,24.4,5.8,10.7,0.542,0.2,0.5,0.4,2.8,3.4,0.824,3,7.5,10.5,1.2,1.9,0.4,1.5,0.7,2.2,2.7,14.6,2.5,77,56,21,0.727,22.4,5.1,8.9,0.568,0.4,1,0.405,2.2,2.7,0.806,2.4,6.2,8.6,1.1,1.5,0.4,0.9,0.6,2.5,2.4,12.7,2.9,2017-18,-0.449793673,0.089285714,0.137254902,0.202247191,-0.045774648,-0.5,-0.5,-0.012345679,0.272727273,0.259259259,0.022332506,0.25,0.209677419,0.220930233,0.090909091,0.266666667,0,0.666666667,0.166666667,-0.12,0.125,0.149606299,-0.137931034,
102,1628395,Jordan Bell,1610612744,GSW,23,17,13,4,0.765,10.2,1,1.9,0.531,0,0.1,0,0.4,0.8,0.5,0.9,1.9,2.8,0.9,0.4,0.4,0.5,0.2,1.1,0.6,2.4,2.2,57,43,14,0.754,14.2,2,3.2,0.627,0,0.1,0,0.5,0.8,0.682,1.1,2.6,3.6,1.8,0.9,0.6,1,0.3,1.6,0.8,4.6,2.8,2017-18,0.014588859,-0.281690141,-0.5,-0.40625,-0.153110048,,0,,-0.2,0,-0.26686217,-0.181818182,-0.269230769,-0.222222222,-0.5,-0.555555556,-0.333333333,-0.5,-0.333333333,-0.3125,-0.25,-0.47826087,-0.214285714,
103,203903,Jordan Clarkson,1610612739,CLE,26,19,12,7,0.632,15,1.9,6.5,0.301,0.6,2.4,0.239,0.3,0.3,0.833,0.5,1.2,1.7,0.7,0.7,0.4,0.2,0.6,1.1,0.6,4.7,-2,81,40,41,0.494,23.3,5.3,11.8,0.451,1.4,3.9,0.352,1.9,2.3,0.8,0.7,2,2.7,2.7,1.6,0.7,0.1,0.6,1.3,1.9,13.9,-0.5,2017-18,0.279352227,-0.356223176,-0.641509434,-0.449152542,-0.332594235,-0.571428571,-0.384615385,-0.321022727,-0.842105263,-0.869565217,0.04125,-0.285714286,-0.4,-0.37037037,-0.740740741,-0.5625,-0.428571429,1,0,-0.153846154,-0.684210526,-0.661870504,3,
104,202348,Jordan Crawford,1610612740,NOP,29,2,1,1,0.5,7.7,4,6.5,0.615,1.5,4,0.375,0,0,0,0,2,2,0.5,1.5,0.5,0,0,0.5,0.5,9.5,-4,5,3,2,0.6,10.7,2.4,5.4,0.444,1.6,2.8,0.571,0.2,0.2,1,0.4,0.4,0.8,2.6,1,0.2,0.2,0.4,1.4,0,6.6,-3.8,2017-18,-0.166666667,-0.280373832,0.666666667,0.203703704,0.385135135,-0.0625,0.428571429,-0.343257443,-1,-1,-1,-1,4,1.5,-0.807692308,0.5,1.5,-1,-1,-0.642857143,,0.439393939,0.052631579,
105,101181,Jose Calderon,1610612739,CLE,36,13,5,8,0.385,8,0.7,2,0.346,0.3,1.4,0.222,0.2,0.2,1,0.2,0.7,0.8,0.7,0.4,0.4,0,0.1,1.2,0.3,1.8,0.6,57,33,24,0.579,16,1.6,3.2,0.503,0.8,1.7,0.464,0.4,0.5,0.8,0.2,1.2,1.5,2.1,0.7,0.5,0,0.1,1.4,0.8,4.5,1.1,2017-18,-0.335060449,-0.5,-0.5625,-0.375,-0.312127237,-0.625,-0.176470588,-0.521551724,-0.5,-0.6,0.25,0,-0.416666667,-0.466666667,-0.666666667,-0.428571429,-0.2,,0,-0.142857143,-0.625,-0.6,-0.454545455,
106,203962,Josh Huestis,1610612760,OKC,26,4,1,3,0.25,4.8,0.3,0.5,0.5,0,0,0,0.3,0.5,0.5,0,0.8,0.8,0,0,0.3,0.3,0,0.8,0.8,0.8,-0.3,69,43,26,0.623,14.2,0.9,2.6,0.33,0.5,1.7,0.287,0.1,0.3,0.3,0.6,1.7,2.3,0.3,0.4,0.2,0.6,0.2,1.2,0.4,2.3,1.6,2017-18,-0.598715891,-0.661971831,-0.666666667,-0.807692308,0.515151515,-1,-1,-1,2,0.666666667,0.666666667,-1,-0.529411765,-0.652173913,-1,-1,0.5,-0.5,-1,-0.333333333,1,-0.652173913,-1.1875,
107,1626196,Josh Richardson,1610612748,MIA,24,5,1,4,0.2,25.9,3,8,0.375,1.2,3.8,0.316,1.2,1.4,0.857,0.8,2.2,3,2.8,1,2.2,1,0.4,3.4,1.6,8.4,-9.2,81,44,37,0.543,33.2,4.9,10.9,0.451,1.6,4.1,0.378,1.5,1.8,0.845,0.9,2.7,3.5,2.9,1.7,1.5,0.9,0.5,2.5,2.4,12.9,0.5,2017-18,-0.631675875,-0.219879518,-0.387755102,-0.266055046,-0.168514412,-0.25,-0.073170732,-0.164021164,-0.2,-0.222222222,0.014201183,-0.111111111,-0.185185185,-0.142857143,-0.034482759,-0.411764706,0.466666667,0.111111111,-0.2,0.36,-0.333333333,-0.348837209,-19.4,
108,201950,Jrue Holiday,1610612740,NOP,28,9,5,4,0.556,38.7,9.8,18.9,0.518,1.8,5.6,0.32,2.3,3.3,0.7,1,4.7,5.7,6.3,2.6,1.1,0.6,0.9,2.4,3.1,23.7,1.3,81,47,34,0.58,36.1,7.6,15.4,0.494,1.5,4.4,0.337,2.3,2.9,0.786,0.8,3.7,4.5,6,2.6,1.5,0.8,0.7,2.5,2.8,19,3.9,2017-18,-0.04137931,0.072022161,0.289473684,0.227272727,0.048582996,0.2,0.272727273,-0.050445104,0,0.137931034,-0.109414758,0.25,0.27027027,0.266666667,0.05,0,-0.266666667,-0.25,0.285714286,-0.04,0.107142857,0.247368421,-0.666666667,
109,1626147,Justin Anderson,1610612755,PHI,24,7,5,2,0.714,4.7,0.4,1.1,0.375,0.3,1,0.286,0,0,0,0.1,1.1,1.3,0,0.3,0.1,0,0,1.1,0,1.1,0.6,38,27,11,0.711,13.7,2.3,5.3,0.431,0.9,2.7,0.33,0.7,1,0.737,0.7,1.8,2.4,0.7,0.4,0.4,0.2,0.3,1.4,0.8,6.2,-2.2,2017-18,0.004219409,-0.656934307,-0.826086957,-0.79245283,-0.129930394,-0.666666667,-0.62962963,-0.133333333,-1,-1,-1,-0.857142857,-0.388888889,-0.458333333,-1,-0.25,-0.75,-1,-1,-0.214285714,-1,-0.822580645,-1.272727273,
110,1626159,Justise Winslow,1610612748,MIA,22,5,1,4,0.2,25,3,8.4,0.357,1.4,3.8,0.368,2.4,3.4,0.706,1.4,5.2,6.6,2.6,1.6,0.8,0.8,0.6,3.4,2.8,9.8,-3.6,68,33,35,0.485,24.7,3,7.2,0.424,0.7,1.9,0.38,1,1.5,0.635,0.9,4.5,5.4,2.2,1.1,0.8,0.5,0.6,2.1,1.4,7.8,0.4,2017-18,-0.587628866,0.012145749,0,0.166666667,-0.158018868,1,1,-0.031578947,1.4,1.266666667,0.111811024,0.555555556,0.155555556,0.222222222,0.181818182,0.454545455,0,0.6,0,0.619047619,1,0.256410256,-10,
111,203994,Jusuf Nurkic,1610612757,POR,23,4,0,4,0,23.4,4.8,9.8,0.487,0,0,0,2.3,2.8,0.818,3,5,8,1,0.8,1.5,1.3,1.5,3.5,3.8,11.8,-7.3,79,48,31,0.608,26.4,6.1,12,0.505,0,0.1,0,2.2,3.5,0.63,2.4,6.6,9,1.8,2.3,0.8,1.4,0.8,3.1,3.5,14.3,2,2017-18,-1,-0.113636364,-0.213114754,-0.183333333,-0.035643564,,-1,,0.045454545,-0.2,0.298412698,0.25,-0.242424242,-0.111111111,-0.444444444,-0.652173913,0.875,-0.071428571,0.875,0.129032258,0.085714286,-0.174825175,-4.65,
112,1626157,Karl-Anthony Towns,1610612750,MIN,22,5,1,4,0.2,33.9,5.6,12,0.467,0.6,2.2,0.273,3.4,4.6,0.739,3,10.4,13.4,2.2,2.4,0.4,1,1.2,2.8,4.2,15.2,-8.6,82,47,35,0.573,35.6,7.8,14.3,0.545,1.5,3.5,0.421,4.2,4.9,0.858,2.9,9.4,12.3,2.4,1.9,0.8,1.4,0.8,3.5,4.6,21.3,4.5,2017-18,-0.65095986,-0.047752809,-0.282051282,-0.160839161,-0.143119266,-0.6,-0.371428571,-0.351543943,-0.19047619,-0.06122449,-0.138694639,0.034482759,0.106382979,0.089430894,-0.083333333,0.263157895,-0.5,-0.285714286,0.5,-0.2,-0.086956522,-0.286384977,-2.911111111,
113,203482,Kelly Olynyk,1610612748,MIA,27,5,1,4,0.2,29.2,4.2,8.8,0.477,1.6,3.8,0.421,2.8,4,0.7,1.4,3.2,4.6,3.8,1.6,1.4,1.2,0.4,3.8,4.4,12.8,-2.4,76,42,34,0.553,23.4,4.2,8.4,0.497,1.4,3.7,0.379,1.8,2.3,0.77,1.2,4.5,5.7,2.7,1.9,0.8,0.5,0.5,2.9,2.9,11.5,3.1,2017-18,-0.638336347,0.247863248,0,0.047619048,-0.040241449,0.142857143,0.027027027,0.110817942,0.555555556,0.739130435,-0.090909091,0.166666667,-0.288888889,-0.192982456,0.407407407,-0.157894737,0.75,1.4,-0.2,0.310344828,0.517241379,0.113043478,-1.774193548,
114,1626162,Kelly Oubre Jr.,1610612764,WAS,22,6,2,4,0.333,24.7,3,8,0.375,0.7,3.2,0.211,2.7,3,0.889,0.2,3.7,3.8,0.7,0.8,1,0.5,0.5,2.7,3.2,9.3,0.7,81,43,38,0.531,27.5,3.9,9.8,0.403,1.6,4.6,0.341,2.4,2.9,0.82,0.7,3.8,4.5,1.2,1.1,1,0.4,0.7,2.9,2.6,11.8,-1.4,2017-18,-0.372881356,-0.101818182,-0.230769231,-0.183673469,-0.069478908,-0.5625,-0.304347826,-0.381231672,0.125,0.034482759,0.084146341,-0.714285714,-0.026315789,-0.155555556,-0.416666667,-0.272727273,0,0.25,-0.285714286,-0.068965517,0.230769231,-0.211864407,-1.5,
115,201142,Kevin Durant,1610612744,GSW,29,21,16,5,0.762,38.4,10.1,20.7,0.487,2.2,6.6,0.341,6.5,7.2,0.901,0.6,7.1,7.8,4.7,2.4,0.7,1.2,0.6,2,5.5,29,9.9,68,49,19,0.721,34.2,9.3,18,0.516,2.5,6.1,0.419,5.3,5.9,0.889,0.5,6.4,6.8,5.4,3,0.7,1.8,0.6,2,4.8,26.4,5.2,2017-18,0.056865465,0.122807018,0.086021505,0.15,-0.05620155,-0.12,0.081967213,-0.186157518,0.226415094,0.220338983,0.013498313,0.2,0.109375,0.147058824,-0.12962963,-0.2,0,-0.333333333,0,0,0.145833333,0.098484848,0.903846154,
116,201567,Kevin Love,1610612739,CLE,29,21,11,10,0.524,31.4,5.2,13.2,0.392,1.7,5,0.34,2.8,3,0.922,2.3,7.9,10.2,1.6,2,0.7,0.4,1,2.8,3.2,14.9,-0.7,59,37,22,0.627,28,5.7,12.4,0.458,2.3,5.6,0.415,4,4.5,0.88,1.7,7.5,9.3,1.7,1.5,0.7,0.4,0.8,2,3.9,17.6,1.3,2017-18,-0.164274322,0.121428571,-0.087719298,0.064516129,-0.144104803,-0.260869565,-0.107142857,-0.180722892,-0.3,-0.333333333,0.047727273,0.352941176,0.053333333,0.096774194,-0.058823529,0.333333333,0,0,0.25,0.4,-0.179487179,-0.153409091,-1.538461538,
117,1626172,Kevon Looney,1610612744,GSW,22,21,16,5,0.762,18.4,1.9,3.4,0.542,0,0.1,0,0.4,1,0.381,2,2.2,4.2,0.9,0.4,0.7,0.4,0.2,2.4,0.8,4.1,2.8,66,45,21,0.682,13.8,1.7,2.9,0.58,0,0.1,0.2,0.6,1.2,0.545,1.3,2,3.3,0.6,0.5,0.5,0.8,0.3,1.6,1,4,1.8,2017-18,0.117302053,0.333333333,0.117647059,0.172413793,-0.065517241,,0,-1,-0.333333333,-0.166666667,-0.300917431,0.538461538,0.1,0.272727273,0.5,-0.2,0.4,-0.5,-0.333333333,0.5,-0.2,0.025,0.555555556,
118,203114,Khris Middleton,1610612749,MIL,26,7,3,4,0.429,39.3,9.6,16,0.598,3.6,5.9,0.61,2,2.7,0.737,0.1,5,5.1,3.1,2.3,0.9,0.7,0.7,4.3,4,24.7,1.4,82,44,38,0.537,36.4,7.2,15.5,0.466,1.8,5,0.359,3.9,4.4,0.884,0.5,4.7,5.2,4,2.3,1.5,0.3,0.7,3.3,3.1,20.1,1.2,2017-18,-0.201117318,0.07967033,0.333333333,0.032258065,0.283261803,1,0.18,0.699164345,-0.487179487,-0.386363636,-0.166289593,-0.8,0.063829787,-0.019230769,-0.225,0,-0.4,1.333333333,0,0.303030303,0.290322581,0.228855721,0.166666667,
119,202691,Klay Thompson,1610612744,GSW,28,21,16,5,0.762,37.8,7.6,16.3,0.465,3.2,7.5,0.427,1.3,1.5,0.871,0.5,3.6,4.1,1.8,1.5,0.8,0.3,0.6,2.3,1.3,19.6,7,73,55,18,0.753,34.3,7.9,16.1,0.489,3.1,7.1,0.44,1.1,1.3,0.837,0.4,3.4,3.8,2.5,1.8,0.8,0.5,0.4,1.6,1.7,20,5.4,2017-18,0.011952191,0.102040816,-0.037974684,0.01242236,-0.049079755,0.032258065,0.056338028,-0.029545455,0.181818182,0.153846154,0.040621266,0.25,0.058823529,0.078947368,-0.28,-0.166666667,0,-0.4,0.5,0.4375,-0.235294118,-0.02,0.296296296,
120,203937,Kyle Anderson,1610612759,SAS,24,5,1,4,0.2,14.7,2.4,4,0.6,0,0.8,0,0.6,0.8,0.75,1,1.6,2.6,0.6,0.6,1.2,0.2,0.4,2,0.4,5.4,-4,74,41,33,0.554,26.7,3.1,5.9,0.527,0.3,0.8,0.333,1.4,2,0.712,1.1,4.2,5.4,2.7,1.3,1.6,0.8,0.4,1.5,1.6,7.9,1.9,2017-18,-0.63898917,-0.449438202,-0.225806452,-0.322033898,0.138519924,-1,0,-1,-0.571428571,-0.6,0.053370787,-0.090909091,-0.619047619,-0.518518519,-0.777777778,-0.538461538,-0.25,-0.75,0,0.333333333,-0.75,-0.316455696,-3.105263158,
121,2594,Kyle Korver,1610612739,CLE,37,22,12,10,0.545,22.9,2.7,6.4,0.418,2,5,0.413,0.9,1,0.864,0.3,2.1,2.4,0.9,0.6,0.4,0.4,0.2,2,0.8,8.3,2,73,43,30,0.589,21.6,3,6.6,0.459,2.2,5.2,0.436,0.9,1,0.889,0.1,2.1,2.3,1.2,0.8,0.4,0.4,0.2,1.8,1,9.2,3.8,2017-18,-0.074702886,0.060185185,-0.1,-0.03030303,-0.089324619,-0.090909091,-0.038461538,-0.052752294,0,0,-0.028121485,2,0,0.043478261,-0.25,-0.25,0,0,0,0.111111111,-0.2,-0.097826087,-0.473684211,
122,200768,Kyle Lowry,1610612761,TOR,32,10,4,6,0.4,36.1,6,11.8,0.508,2.8,6.3,0.444,2.6,3.2,0.813,0.2,4.1,4.3,8.5,3.1,1.5,0,0.8,3.3,3.5,17.4,-1.5,78,57,21,0.731,32.2,5.2,12.1,0.427,3.1,7.6,0.399,2.9,3.3,0.854,0.8,4.7,5.6,6.9,2.3,1.1,0.2,0.5,2.5,3.9,16.2,5.1,2017-18,-0.452804378,0.121118012,0.153846154,-0.024793388,0.18969555,-0.096774194,-0.171052632,0.112781955,-0.103448276,-0.03030303,-0.048009368,-0.75,-0.127659574,-0.232142857,0.231884058,0.347826087,0.363636364,-1,0.6,0.32,-0.102564103,0.074074074,-1.294117647,
123,200746,LaMarcus Aldridge,1610612759,SAS,32,5,1,4,0.2,35.3,7.4,16,0.463,0.6,1,0.6,8.2,8.4,0.976,2.6,6.6,9.2,2.4,1.8,0.6,0.4,1.4,1.8,7,23.6,-7.6,75,45,30,0.6,33.4,9.2,18,0.51,0.4,1.2,0.293,4.5,5.3,0.837,3.3,5.2,8.5,2,1.5,0.6,1.2,0.6,2.1,4.6,23.1,3.7,2017-18,-0.666666667,0.056886228,-0.195652174,-0.111111111,-0.092156863,0.5,-0.166666667,1.04778157,0.822222222,0.58490566,0.166069295,-0.212121212,0.269230769,0.082352941,0.2,0.2,0,-0.666666667,1.333333333,-0.142857143,0.52173913,0.021645022,-3.054054054,
124,202362,Lance Stephenson,1610612754,IND,27,7,3,4,0.429,21.3,4.3,9.3,0.462,1.1,3.7,0.308,0.7,1.3,0.556,0.4,2.3,2.7,2.9,1.3,0.3,0.1,0.4,2.9,1,10.4,0.1,82,48,34,0.585,22.6,3.7,8.6,0.427,0.8,2.8,0.289,1,1.5,0.661,0.8,4.4,5.2,2.9,1.6,0.6,0.2,0.4,2.2,1.6,9.2,-1.3,2017-18,-0.266666667,-0.057522124,0.162162162,0.081395349,0.081967213,0.375,0.321428571,0.065743945,-0.3,-0.133333333,-0.158850227,-0.5,-0.477272727,-0.480769231,0,-0.1875,-0.5,-0.5,0,0.318181818,-0.375,0.130434783,-1.076923077,
125,1626204,Larry Nance Jr.,1610612739,CLE,25,20,10,10,0.5,15.3,2.1,3,0.683,0,0.1,0,0.7,1.6,0.452,1.8,2.8,4.5,0.9,0.6,0.8,0.7,0.2,1.8,1.7,4.8,-2.1,66,32,34,0.485,21.5,3.6,6.3,0.581,0,0.2,0.167,1.4,2.1,0.664,2.4,4.4,6.8,1.2,0.8,1.3,0.6,0.3,2.6,2.2,8.7,0.3,2017-18,0.030927835,-0.288372093,-0.416666667,-0.523809524,0.17555938,,-0.5,-1,-0.5,-0.238095238,-0.319277108,-0.25,-0.363636364,-0.338235294,-0.25,-0.25,-0.384615385,0.166666667,-0.333333333,-0.307692308,-0.227272727,-0.448275862,-8,
126,2544,LeBron James,1610612739,CLE,33,22,12,10,0.545,41.9,12.5,23.2,0.539,1.8,5.2,0.342,7.2,9.7,0.746,1.4,7.7,9.1,9,4.3,1.4,1,0.8,2.4,8,34,-1,82,50,32,0.61,36.9,10.5,19.3,0.542,1.8,5,0.367,4.7,6.5,0.731,1.2,7.5,8.6,9.1,4.2,1.4,0.9,0.8,1.7,5.4,27.5,1.3,2017-18,-0.106557377,0.135501355,0.19047619,0.202072539,-0.005535055,0,0.04,-0.068119891,0.531914894,0.492307692,0.020519836,0.166666667,0.026666667,0.058139535,-0.010989011,0.023809524,0,0.111111111,0,0.411764706,0.481481481,0.236363636,-1.769230769,
127,203485,Lorenzo Brown,1610612761,TOR,27,4,1,3,0.25,7.2,0.8,2.5,0.3,0.5,1.3,0.4,0.3,0.5,0.5,0.3,1.3,1.5,0.5,0.3,0,0.3,0,0.5,0.3,2.3,-4.3,14,9,5,0.643,9.9,1,2.4,0.412,0.1,0.9,0.167,0.1,0.1,1,0.1,1,1.1,0.9,0.2,0.4,0,0.1,0.5,0.1,2.3,3.3,2017-18,-0.611197512,-0.272727273,-0.2,0.041666667,-0.27184466,4,0.444444444,1.395209581,2,4,-0.5,2,0.3,0.363636364,-0.444444444,0.5,-1,,-1,0,2,0,-2.303030303,
128,201601,Luc Mbah a Moute,1610612745,HOU,31,9,5,4,0.556,16.6,1,4,0.25,0.3,1.7,0.2,0.4,0.8,0.571,0.3,2.1,2.4,0.3,0.7,0.7,0.4,0.7,0.9,0.9,2.8,-7.3,61,52,9,0.852,25.6,2.7,5.7,0.481,1,2.8,0.364,1.1,1.6,0.684,0.4,2.7,3,0.9,1.1,1.2,0.4,0.4,1.6,1.1,7.5,5,2017-18,-0.34741784,-0.3515625,-0.62962963,-0.298245614,-0.48024948,-0.7,-0.392857143,-0.450549451,-0.636363636,-0.5,-0.165204678,-0.25,-0.222222222,-0.2,-0.666666667,-0.363636364,-0.416666667,0,0.75,-0.4375,-0.181818182,-0.626666667,-2.46,
129,203512,Lucas Nogueira,1610612761,TOR,25,5,2,3,0.4,4.8,0,0.2,0,0,0,0,0.2,0.4,0.5,0,0.2,0.2,0.2,0.6,0,0,0.2,1.2,0.2,0.2,-5.6,49,36,13,0.735,8.5,1,1.6,0.613,0.1,0.4,0.263,0.4,0.6,0.679,0.4,1.4,1.8,0.4,0.3,0.5,0.9,0.1,1,0.6,2.5,1.8,2017-18,-0.455782313,-0.435294118,-1,-0.875,-1,-1,-1,-1,-0.5,-0.333333333,-0.263622975,-1,-0.857142857,-0.888888889,-0.5,1,-1,-1,1,0.2,-0.666666667,-0.92,-4.111111111,
130,202337,Luke Babbitt,1610612748,MIA,29,2,0,2,0,1.7,0,0.5,0,0,0,0,0,0,0,0,0,0,0,0,0,0,0,0,0,0,-3,50,15,35,0.3,14.3,1.8,4.3,0.423,1.2,3.1,0.385,0.3,0.4,0.773,0.1,1.8,1.9,0.6,0.4,0.2,0.1,0.2,1.1,0.4,5.2,-0.7,2017-18,-1,-0.881118881,-1,-0.88372093,-1,-1,-1,-1,-1,-1,-1,-1,-1,-1,-1,-1,-1,-1,-1,-1,-1,-1,3.285714286,
131,1627763,Malcolm Brogdon,1610612749,MIL,25,7,3,4,0.429,26.6,3.4,7.9,0.436,0.7,2.7,0.263,1.1,1.4,0.8,0.4,3,3.4,2.4,1.7,0.1,0,0.6,2,1.6,8.7,-4,48,25,23,0.521,29.9,5.1,10.5,0.485,1.3,3.4,0.385,1.6,1.8,0.882,0.5,2.8,3.3,3.2,1.4,0.9,0.3,0.8,2.7,1.5,13,-1.3,2017-18,-0.176583493,-0.110367893,-0.333333333,-0.247619048,-0.101030928,-0.461538462,-0.205882353,-0.316883117,-0.3125,-0.222222222,-0.092970522,-0.2,0.071428571,0.03030303,-0.25,0.214285714,-0.888888889,-1,-0.25,-0.259259259,0.066666667,-0.330769231,2.076923077,
132,1938,Manu Ginobili,1610612759,SAS,40,5,1,4,0.2,21.3,3,7.4,0.405,1.2,3.6,0.333,1.8,2.2,0.818,0.2,2.8,3,3.2,1.4,1.4,0.2,0.4,2.6,2,9,-0.8,65,39,26,0.6,20,3.1,7.1,0.434,1,3,0.333,1.7,2,0.84,0.3,1.9,2.2,2.5,1.6,0.7,0.2,0.4,1.9,2.2,8.9,1.1,2017-18,-0.666666667,0.065,-0.032258065,0.042253521,-0.066820276,0.2,0.2,0,0.058823529,0.1,-0.026190476,-0.333333333,0.473684211,0.363636364,0.28,-0.125,1,0,0,0.368421053,-0.090909091,0.011235955,-1.727272727,
133,101162,Marcin Gortat,1610612764,WAS,34,6,2,4,0.333,26.6,4,7.2,0.558,0,0,0,0.7,1.2,0.571,2.2,4.2,6.3,1,1,0,0.3,1.3,2.5,1.3,8.7,-0.2,82,43,39,0.524,25.3,3.5,6.8,0.518,0,0,0,1.3,2,0.675,2.2,5.4,7.6,1.8,1.2,0.5,0.7,0.6,2.1,2.3,8.4,1.3,2017-18,-0.364503817,0.051383399,0.142857143,0.058823529,0.077220077,,,,-0.461538462,-0.4,-0.154074074,0,-0.222222222,-0.171052632,-0.444444444,-0.166666667,-1,-0.571428571,1.166666667,0.19047619,-0.434782609,0.035714286,-1.153846154,
134,201158,Marco Belinelli,1610612755,PHI,32,10,5,5,0.5,27.3,4.3,10.6,0.406,1.6,4.6,0.348,2.7,3.1,0.871,0.1,2,2.1,2,0.4,0.7,0,0.5,2,2.5,12.9,3.9,80,39,41,0.488,24.3,4.2,9.6,0.441,1.9,4.9,0.377,1.9,2,0.908,0.3,1.6,1.9,1.9,1.2,0.8,0.2,0.3,1.1,1.9,12.1,-0.4,2017-18,0.024590164,0.12345679,0.023809524,0.104166667,-0.079365079,-0.157894737,-0.06122449,-0.076923077,0.421052632,0.55,-0.040748899,-0.666666667,0.25,0.105263158,0.052631579,-0.666666667,-0.125,-1,0.666666667,0.818181818,0.315789474,0.066115702,-10.75,
135,1627875,Marcus Georges-Hunt,1610612750,MIN,24,2,0,2,0,1.4,0,0.5,0,0,0,0,0,0,0,0.5,0,0.5,0,0,0,0,0,0,0,0,-1.5,42,24,18,0.571,5.3,0.5,1.1,0.438,0.1,0.4,0.267,0.3,0.5,0.619,0.2,0.2,0.4,0.2,0.1,0.1,0,0,0.8,0.4,1.4,-0.8,2017-18,-1,-0.735849057,-1,-0.545454545,-1,-1,-1,-1,-1,-1,-1,1.5,-1,0.25,-1,-1,-1,,,-1,-1,-1,0.875,
136,202694,Marcus Morris Sr.,1610612738,BOS,28,19,11,8,0.579,29.6,4.3,11.7,0.368,1.6,3.8,0.417,2.2,3.1,0.712,1.1,4.4,5.4,1.1,1,0.4,0.3,0.7,3.2,2.4,12.4,0.9,54,34,20,0.63,26.7,4.9,11.3,0.429,1.6,4.3,0.368,2.3,2.9,0.805,0.8,4.6,5.4,1.3,1.2,0.6,0.2,0.4,1.9,2.4,13.6,0.4,2017-18,-0.080952381,0.108614232,-0.12244898,0.03539823,-0.142191142,0,-0.11627907,0.133152174,-0.043478261,0.068965517,-0.11552795,0.375,-0.043478261,0,-0.153846154,-0.166666667,-0.333333333,0.5,0.75,0.684210526,0,-0.088235294,1.25,
137,203935,Marcus Smart,1610612738,BOS,24,15,9,6,0.6,29.9,3.2,9.5,0.336,1,4.5,0.221,2.4,3.3,0.735,0.9,2.8,3.7,5.3,2.4,1.7,0.7,0.5,2.9,3.8,9.8,1.3,54,38,16,0.704,29.9,3.5,9.5,0.367,1.4,4.6,0.301,1.8,2.5,0.729,0.8,2.7,3.5,4.8,2.4,1.3,0.4,0.3,2.5,2.8,10.2,3.9,2017-18,-0.147727273,0,-0.085714286,0,-0.084468665,-0.285714286,-0.02173913,-0.265780731,0.333333333,0.32,0.008230453,0.125,0.037037037,0.057142857,0.104166667,0,0.307692308,0.75,0.666666667,0.16,0.357142857,-0.039215686,-0.666666667,
138,1628365,Markelle Fultz,1610612755,PHI,20,3,2,1,0.667,7.6,0.3,2.3,0.143,0,0,0,1,1.3,0.75,0,1,1,1.7,0.3,0.7,0,0,1.3,1,1.7,0.7,14,11,3,0.786,18.1,3.2,7.9,0.405,0,0.1,0,0.7,1.5,0.476,0.8,2.3,3.1,3.8,1.2,0.9,0.3,1.3,1.6,1.4,7.1,1.4,2017-18,-0.151399491,-0.580110497,-0.90625,-0.708860759,-0.64691358,,-1,,0.428571429,-0.133333333,0.575630252,-1,-0.565217391,-0.677419355,-0.552631579,-0.75,-0.222222222,-1,-1,-0.1875,-0.285714286,-0.76056338,-0.5,
139,202693,Markieff Morris,1610612764,WAS,28,6,2,4,0.333,30.2,4,8.2,0.49,0.3,2,0.167,1.5,1.7,0.9,2.3,5.2,7.5,1.7,1,0.7,0.8,0,3.7,2,9.8,-4.5,73,37,36,0.507,27,4.5,9.4,0.48,1,2.8,0.367,1.4,1.8,0.82,1,4.6,5.6,1.9,1.7,0.8,0.5,0.4,3,1.7,11.5,0.4,2017-18,-0.343195266,0.118518519,-0.111111111,-0.127659574,0.020833333,-0.7,-0.285714286,-0.544959128,0.071428571,-0.055555556,0.097560976,1.3,0.130434783,0.339285714,-0.105263158,-0.411764706,-0.125,0.6,-1,0.233333333,0.176470588,-0.147826087,-12.25,
140,203521,Matthew Dellavedova,1610612749,MIL,27,6,3,3,0.5,12.9,0.7,2,0.333,0.3,1.5,0.222,0.3,0.3,1,0.2,0.7,0.8,2.7,1,0.3,0,0,1,0.8,2,-0.2,38,21,17,0.553,18.7,1.4,4,0.362,0.8,2.1,0.372,0.7,0.7,0.926,0.4,1.3,1.7,3.8,1.3,0.4,0,0.2,1.8,0.9,4.3,-2.1,2017-18,-0.095840868,-0.310160428,-0.5,-0.5,-0.080110497,-0.625,-0.285714286,-0.403225806,-0.571428571,-0.571428571,0.079913607,-0.5,-0.461538462,-0.529411765,-0.289473684,-0.230769231,-0.25,,-1,-0.444444444,-0.111111111,-0.534883721,-0.904761905,
141,203090,Maurice Harkless,1610612757,POR,25,2,0,2,0,26.6,3.5,6.5,0.538,1,3,0.333,0,0,0,1.5,2.5,4,2,0.5,0,0.5,0.5,2,1,8,-3,59,36,23,0.61,21.4,2.5,5,0.495,0.8,2,0.415,0.7,1,0.712,0.8,2,2.7,0.9,0.7,0.8,0.7,0.3,1.7,0.9,6.5,0.1,2017-18,-1,0.242990654,0.4,0.3,0.086868687,0.25,0.5,-0.197590361,-1,-1,-1,0.875,0.25,0.481481481,1.222222222,-0.285714286,-1,-0.285714286,0.666666667,0.176470588,0.111111111,0.230769231,-31,
142,203086,Meyers Leonard,1610612757,POR,26,2,0,2,0,4.1,2,2,1,0,0,0,0,0,0,0,2,2,0,0,0,0,0,0,0,4,6,33,17,16,0.515,7.7,1.4,2.4,0.59,0.3,0.8,0.423,0.3,0.3,0.818,0.4,1.8,2.1,0.5,0.3,0.2,0,0,1.1,0.5,3.4,-1.1,2017-18,-1,-0.467532468,0.428571429,-0.166666667,0.694915254,-1,-1,-1,-1,-1,-1,-1,0.111111111,-0.047619048,-1,-1,-1,,,-1,-1,0.176470588,-6.454545455,
143,203118,Mike Scott,1610612764,WAS,29,6,2,4,0.333,21,4.3,6.8,0.634,1.2,1.8,0.636,1,1,1,1,2.5,3.5,0.7,0.8,0.3,0.2,0.7,1.7,1.7,10.8,5.5,76,39,37,0.513,18.5,3.6,6.9,0.527,0.9,2.1,0.405,0.7,1,0.658,0.7,2.6,3.3,1.1,1,0.3,0.1,0.2,1.9,1,8.8,-1.1,2017-18,-0.350877193,0.135135135,0.194444444,-0.014492754,0.203036053,0.333333333,-0.142857143,0.57037037,0.428571429,0,0.519756839,0.428571429,-0.038461538,0.060606061,-0.363636364,-0.2,0,1,2.5,-0.105263158,0.7,0.227272727,-6,
144,1626167,Myles Turner,1610612754,IND,22,7,3,4,0.429,28,4.7,7.7,0.611,0.9,1.9,0.462,2.1,2.7,0.789,0.9,4.3,5.1,0.6,1.6,0.3,0.6,0.3,3.6,3.6,12.4,5.7,65,39,26,0.6,28.2,4.7,9.8,0.479,0.9,2.4,0.357,2.5,3.2,0.777,1.4,5,6.4,1.3,1.5,0.6,1.8,0.4,2.9,2.9,12.7,1.8,2017-18,-0.285,-0.007092199,0,-0.214285714,0.275574113,0,-0.208333333,0.294117647,-0.16,-0.15625,0.015444015,-0.357142857,-0.14,-0.203125,-0.538461538,0.066666667,-0.5,-0.666666667,-0.25,0.24137931,0.24137931,-0.023622047,2.166666667,
145,202357,Nemanja Bjelica,1610612750,MIN,30,5,1,4,0.2,9.4,1.4,3.2,0.438,0.8,1.4,0.571,1,1.4,0.714,0.8,2.2,3,0.6,0.2,0.6,0,0.2,1.2,0.8,4.6,-2,67,38,29,0.567,20.5,2.6,5.5,0.461,1.1,2.7,0.415,0.5,0.7,0.8,0.8,3.3,4.1,1.3,0.8,0.7,0.2,0.3,2.1,0.7,6.8,0.1,2017-18,-0.647266314,-0.541463415,-0.461538462,-0.418181818,-0.04989154,-0.272727273,-0.481481481,0.375903614,1,1,-0.1075,0,-0.333333333,-0.268292683,-0.538461538,-0.75,-0.142857143,-1,-0.333333333,-0.428571429,0.142857143,-0.323529412,-21,
146,2403,Nene,1610612745,HOU,35,11,8,3,0.727,9.8,1.1,1.8,0.6,0,0,0,0.6,1,0.636,0.5,2,2.5,0.5,0.7,0.2,0.5,0.2,1.6,0.7,2.8,1.6,52,42,10,0.808,14.6,2.6,4.6,0.569,0,0,0,1.3,2.1,0.636,1,2.3,3.4,0.9,0.7,0.5,0.3,0.4,2.4,1.6,6.5,5.1,2017-18,-0.100247525,-0.328767123,-0.576923077,-0.608695652,0.054481547,,,,-0.538461538,-0.523809524,0,-0.5,-0.130434783,-0.264705882,-0.444444444,0,-0.6,0.666666667,-0.5,-0.333333333,-0.5625,-0.569230769,-0.68627451,
147,201156,Nick Young,1610612744,GSW,33,20,15,5,0.75,10.3,0.8,2.7,0.302,0.7,2.4,0.298,0.3,0.4,0.75,0.1,0.6,0.6,0.2,0.1,0.1,0,0.1,0.9,0.4,2.6,1.1,80,56,24,0.7,17.4,2.5,6.1,0.412,1.5,4.1,0.377,0.7,0.8,0.862,0.3,1.3,1.6,0.5,0.5,0.5,0.1,0.1,1.3,0.9,7.3,0.5,2017-18,0.071428571,-0.408045977,-0.68,-0.557377049,-0.266990291,-0.533333333,-0.414634146,-0.209549072,-0.571428571,-0.5,-0.129930394,-0.666666667,-0.538461538,-0.625,-0.6,-0.8,-0.8,-1,0,-0.307692308,-0.555555556,-0.643835616,1.2,
148,202703,Nikola Mirotic,1610612740,NOP,27,9,5,4,0.556,35.5,5.4,11.3,0.48,2.4,5.7,0.431,1.7,2.1,0.789,1,8.6,9.6,1.7,1.1,1.1,1.3,0.3,2.7,2.6,15,2.7,55,34,21,0.618,27.2,5.6,12.4,0.447,2.5,6.5,0.377,2,2.5,0.818,1.1,6.3,7.4,1.5,1.1,0.8,0.7,0.4,2,2.5,15.6,2.7,2017-18,-0.100323625,0.305147059,-0.035714286,-0.088709677,0.073825503,-0.04,-0.123076923,0.143236074,-0.15,-0.16,-0.035452323,-0.090909091,0.365079365,0.297297297,0.133333333,0,0.375,0.857142857,-0.25,0.35,0.04,-0.038461538,0,
149,1626181,Norman Powell,1610612761,TOR,25,6,3,3,0.5,6.7,0.7,2.3,0.286,0.2,1.2,0.143,0.5,0.7,0.75,0,0.3,0.3,0.3,0.2,0,0,0.2,0.7,0.5,2,-1.7,70,51,19,0.729,15.2,2.1,5.3,0.401,0.8,2.7,0.285,0.5,0.6,0.821,0.2,1.5,1.7,1.3,0.9,0.5,0.2,0.3,1.6,0.7,5.5,-0.3,2017-18,-0.314128944,-0.559210526,-0.666666667,-0.566037736,-0.286783042,-0.75,-0.555555556,-0.498245614,0,0.166666667,-0.086479903,-1,-0.8,-0.823529412,-0.769230769,-0.777777778,-1,-1,-0.333333333,-0.5625,-0.285714286,-0.636363636,4.666666667,
150,1628384,OG Anunoby,1610612761,TOR,20,10,4,6,0.4,23.8,2.9,5.2,0.558,1.3,2.9,0.448,0.8,1.1,0.727,0.9,1.2,2.1,0.7,0.6,0.6,0.4,0.2,2.3,1.1,7.9,-2.3,74,51,23,0.689,20,2.2,4.7,0.471,1,2.7,0.371,0.5,0.8,0.629,0.6,1.9,2.5,0.7,0.6,0.7,0.2,0.3,1.8,0.7,5.9,4,2017-18,-0.419448476,0.19,0.318181818,0.106382979,0.184713376,0.3,0.074074074,0.20754717,0.6,0.375,0.155802862,0.5,-0.368421053,-0.16,0,0,-0.142857143,1,-0.333333333,0.277777778,0.571428571,0.338983051,-1.575,
151,203490,Otto Porter Jr.,1610612764,WAS,25,5,2,3,0.4,31.6,4,8.2,0.488,1,2.4,0.417,1,1.6,0.625,0.2,4.8,5,1.6,0.6,1.2,1,0.8,1.2,1.6,10,-1.8,77,42,35,0.545,31.6,5.8,11.5,0.503,1.8,4.1,0.441,1.4,1.7,0.828,1.3,5.1,6.4,2,1,1.5,0.5,0.2,2,1.5,14.7,3.7,2017-18,-0.266055046,0,-0.310344828,-0.286956522,-0.029821074,-0.444444444,-0.414634146,-0.054421769,-0.285714286,-0.058823529,-0.245169082,-0.846153846,-0.058823529,-0.21875,-0.2,-0.4,-0.2,1,3,-0.4,0.066666667,-0.319727891,-1.486486486,
152,200782,P.J. Tucker,1610612745,HOU,33,17,11,6,0.647,33.5,3.1,6.4,0.481,2.1,4.4,0.467,0.7,1.1,0.667,1.4,5.2,6.5,1.3,0.8,0.6,0.8,0.2,2.7,1.3,8.9,5.6,82,65,17,0.793,27.8,2.1,5.4,0.39,1.4,3.8,0.371,0.5,0.7,0.717,1.1,4.4,5.6,0.9,0.9,1,0.3,0.2,2.5,1,6.1,6.4,2017-18,-0.184110971,0.205035971,0.476190476,0.185185185,0.233333333,0.5,0.157894737,0.258760108,0.4,0.571428571,-0.069735007,0.272727273,0.181818182,0.160714286,0.444444444,-0.111111111,-0.4,1.666666667,0,0.08,0.3,0.459016393,-0.125,
153,1627783,Pascal Siakam,1610612761,TOR,24,10,4,6,0.4,17.9,2.5,4.1,0.61,0.3,0.4,0.75,1.3,2,0.65,0.9,2.7,3.6,0.8,0.7,0.1,0.6,0.4,2.7,1.4,6.6,-1.9,81,59,22,0.728,20.7,3.1,6.1,0.508,0.4,1.6,0.22,0.7,1.1,0.621,1,3.5,4.5,2,0.8,0.8,0.5,0.4,2,1,7.3,3.7,2017-18,-0.450549451,-0.1352657,-0.193548387,-0.327868852,0.200787402,-0.25,-0.75,2.409090909,0.857142857,0.818181818,0.046698873,-0.1,-0.228571429,-0.2,-0.6,-0.125,-0.875,0.2,0,0.35,0.4,-0.095890411,-1.513513514,
154,1626192,Pat Connaughton,1610612757,POR,25,4,0,4,0,14.8,1.5,3.8,0.4,0.5,2.5,0.2,0.5,0.5,1,0.5,0.5,1,1.5,0.3,0.3,0.3,0.3,2.3,0.3,4,-5.8,82,49,33,0.598,18.1,2,4.8,0.423,0.9,2.6,0.352,0.5,0.5,0.841,0.4,1.5,2,1.1,0.5,0.3,0.3,0.3,1.5,0.5,5.4,1.7,2017-18,-1,-0.182320442,-0.25,-0.208333333,-0.054373522,-0.444444444,-0.038461538,-0.431818182,0,0,0.189060642,0.25,-0.666666667,-0.5,0.363636364,-0.4,0,0,0,0.533333333,-0.4,-0.259259259,-4.411764706,
155,1627775,Patrick McCaw,1610612744,GSW,22,6,6,0,1,2.7,0.2,0.3,0.5,0,0.2,0,0.3,0.3,1,0.2,0.3,0.5,0,0,0.3,0,0,0.2,0.3,0.7,-0.5,57,41,16,0.719,16.9,1.6,3.9,0.409,0.3,1.4,0.238,0.5,0.6,0.765,0.3,1.2,1.4,1.4,0.7,0.8,0.2,0.3,1.2,0.7,4,-1.5,2017-18,0.390820584,-0.840236686,-0.875,-0.923076923,0.222493888,-1,-0.857142857,-1,-0.4,-0.5,0.307189542,-0.333333333,-0.75,-0.642857143,-1,-1,-0.625,-1,-1,-0.833333333,-0.571428571,-0.825,-0.666666667,
156,202335,Patrick Patterson,1610612760,OKC,29,6,2,4,0.333,9.6,0.5,1,0.5,0.3,0.7,0.5,0,0,0,0.2,1.7,1.8,0.5,0.5,0.2,0,0,1.3,0.5,1.3,-4,82,48,34,0.585,15.5,1.3,3.2,0.398,0.8,2.1,0.386,0.5,0.6,0.87,0.4,2,2.4,0.7,0.4,0.6,0.3,0.1,1.1,0.6,3.9,-0.9,2017-18,-0.430769231,-0.380645161,-0.615384615,-0.6875,0.256281407,-0.625,-0.666666667,0.295336788,-1,-1,-1,-0.5,-0.15,-0.25,-0.285714286,0.25,-0.666666667,-1,-1,0.181818182,-0.166666667,-0.666666667,3.444444444,
157,201988,Patty Mills,1610612759,SAS,29,5,1,4,0.2,33,5,11.4,0.439,2.6,7,0.371,0.8,1,0.8,0.4,1.6,2,2.6,1.8,0.6,0.2,0.4,3,1.2,13.4,-4.8,82,47,35,0.573,25.7,3.4,8.3,0.411,1.9,5,0.372,1.3,1.4,0.89,0.3,1.6,1.9,2.8,1.3,0.7,0.1,0.2,1.6,1.9,10,1.4,2017-18,-0.65095986,0.284046693,0.470588235,0.373493976,0.068126521,0.368421053,0.4,-0.002688172,-0.384615385,-0.285714286,-0.101123596,0.333333333,0,0.052631579,-0.071428571,0.384615385,-0.142857143,1,1,0.875,-0.368421053,0.34,-4.428571429,
158,2200,Pau Gasol,1610612759,SAS,37,5,1,4,0.2,18.1,2,4,0.5,0.2,0.6,0.333,1.8,2,0.9,0.4,4.4,4.8,2.8,1.2,0,0.2,0.4,1,1.8,6,-4.8,77,45,32,0.584,23.5,3.7,8.1,0.458,0.6,1.6,0.358,2.1,2.7,0.756,1.7,6.4,8,3.1,1.4,0.3,1,0.5,1.6,2.5,10.1,0.8,2017-18,-0.657534247,-0.229787234,-0.459459459,-0.50617284,0.091703057,-0.666666667,-0.625,-0.069832402,-0.142857143,-0.259259259,0.19047619,-0.764705882,-0.3125,-0.4,-0.096774194,-0.142857143,-1,-0.8,-0.2,-0.375,-0.28,-0.405940594,-7,
159,202331,Paul George,1610612760,OKC,28,6,2,4,0.333,41.9,8.2,20,0.408,3.2,8.7,0.365,5.2,6,0.861,0.7,5.3,6,2.7,4,1.3,0.7,0.8,2.8,6,24.7,-3.7,79,47,32,0.595,36.6,7.3,17,0.43,3.1,7.7,0.401,4.3,5.2,0.822,0.9,4.7,5.7,3.3,2.7,2,0.5,0.8,2.9,4.1,21.9,2.9,2017-18,-0.440336134,0.144808743,0.123287671,0.176470588,-0.051162791,0.032258065,0.12987013,-0.089775561,0.209302326,0.153846154,0.047445255,-0.222222222,0.127659574,0.052631579,-0.181818182,0.481481481,-0.35,0.4,0,-0.034482759,0.463414634,0.127853881,-2.275862069,
160,1626188,Quinn Cook,1610612744,GSW,25,17,12,5,0.706,10.3,1.8,3.9,0.448,0.4,1.8,0.226,0.8,1,0.824,0.1,1.2,1.4,0.6,0.3,0.2,0.1,0.1,0.8,0.7,4.8,2.8,33,21,12,0.636,22.4,3.7,7.6,0.484,1.4,3.2,0.442,0.7,0.8,0.88,0.3,2.2,2.5,2.7,1,0.4,0,0.5,1.8,0.8,9.5,-1.2,2017-18,0.110062893,-0.540178571,-0.513513514,-0.486842105,-0.074380165,-0.714285714,-0.4375,-0.488687783,0.142857143,0.25,-0.063636364,-0.666666667,-0.454545455,-0.44,-0.777777778,-0.7,-0.5,,-0.8,-0.555555556,-0.125,-0.494736842,-3.333333333,
161,200765,Rajon Rondo,1610612740,NOP,32,9,5,4,0.556,33.6,4.2,10.2,0.413,0.9,2.1,0.421,1,1.6,0.643,1,6.6,7.6,12.2,3.7,1.4,0.2,0.8,2.2,1.3,10.3,1.8,65,41,24,0.631,26.2,3.6,7.6,0.468,0.8,2.3,0.333,0.4,0.7,0.543,0.5,3.6,4,8.2,2.3,1.1,0.2,0.4,1.8,1.1,8.3,0.3,2017-18,-0.118858954,0.282442748,0.166666667,0.342105263,-0.117521368,0.125,-0.086956522,0.264264264,1.5,1.285714286,0.184162063,1,0.833333333,0.9,0.487804878,0.608695652,0.272727273,0,1,0.222222222,0.181818182,0.240963855,5,
162,203526,Raul Neto,1610612762,UTA,26,8,3,5,0.375,9,0.9,2.9,0.304,0.3,0.9,0.286,0.6,0.6,1,0.3,1,1.3,1.3,0.5,0.3,0,0.5,0.9,0.9,2.6,0.4,41,28,13,0.683,12.2,1.7,3.7,0.457,0.5,1.1,0.404,0.6,0.9,0.743,0.2,1,1.2,1.8,0.9,0.3,0.1,0.3,0.9,1.1,4.5,2.9,2017-18,-0.450951684,-0.262295082,-0.470588235,-0.216216216,-0.334792123,-0.4,-0.181818182,-0.292079208,0,-0.333333333,0.34589502,0.5,0,0.083333333,-0.277777778,-0.444444444,0,-1,0.666666667,0,-0.181818182,-0.422222222,-0.862068966,
163,101109,Raymond Felton,1610612760,OKC,34,6,2,4,0.333,13.1,2,5.2,0.387,1.2,2.3,0.5,0,0.3,0,0.3,1.8,2.2,1.5,0.8,0.7,0.3,0.3,1.2,0.3,5.2,-0.3,82,48,34,0.585,16.6,2.7,6.7,0.406,1,2.8,0.352,0.4,0.5,0.818,0.3,1.6,1.9,2.5,0.9,0.6,0.2,0.3,1.1,0.7,6.9,-0.6,2017-18,-0.430769231,-0.210843373,-0.259259259,-0.223880597,-0.04679803,0.2,-0.178571429,0.420454545,-1,-0.4,-1,0,0.125,0.157894737,-0.4,-0.111111111,0.166666667,0.5,0,0.090909091,-0.571428571,-0.246376812,-0.5,
164,1626158,Richaun Holmes,1610612755,PHI,24,3,1,2,0.333,3.6,0,0.3,0,0,0,0,0,0,0,0,0.3,0.3,0.3,0,0,0,0,1,0,0,-1.7,48,30,18,0.625,15.5,2.8,5,0.56,0.1,0.6,0.129,0.8,1.2,0.661,1.2,3.2,4.4,1.3,0.5,0.4,0.6,0.4,2,1,6.5,-0.8,2017-18,-0.4672,-0.767741935,-1,-0.94,-1,-1,-1,-1,-1,-1,-1,-1,-0.90625,-0.931818182,-0.769230769,-1,-1,-1,-1,-0.5,-1,-1,1.125,
165,201937,Ricky Rubio,1610612762,UTA,27,6,4,2,0.667,30.1,4.7,13.2,0.354,1.7,5.3,0.313,3,3.8,0.783,0.8,6.5,7.3,7,3,1.3,0.5,0.3,2.2,3.5,14,5.2,77,44,33,0.571,29.3,4.5,10.7,0.418,1.2,3.5,0.352,2.9,3.3,0.866,0.6,4,4.6,5.3,2.7,1.6,0.1,0.6,2.7,3.3,13.1,2.7,2017-18,0.168126095,0.027303754,0.044444444,0.23364486,-0.153110048,0.416666667,0.514285714,-0.110795455,0.034482759,0.151515152,-0.095842956,0.333333333,0.625,0.586956522,0.320754717,0.111111111,-0.1875,4,-0.5,-0.185185185,0.060606061,0.06870229,0.925925926,
166,203496,Robert Covington,1610612755,PHI,27,10,5,5,0.5,28.1,2.7,8.3,0.325,1.5,4.8,0.313,1.2,1.6,0.75,1.2,4.1,5.3,2.5,1.1,1.1,0.9,0.2,3,1.2,8.1,-0.6,80,51,29,0.638,31.6,4.3,10.5,0.413,2.5,6.9,0.369,1.5,1.7,0.853,0.7,4.7,5.4,2,1.6,1.7,0.9,0.5,3,1.6,12.6,6.6,2017-18,-0.21630094,-0.110759494,-0.372093023,-0.20952381,-0.213075061,-0.4,-0.304347826,-0.151761518,-0.2,-0.058823529,-0.120750293,0.714285714,-0.127659574,-0.018518519,0.25,-0.3125,-0.352941176,0,-0.6,0,-0.25,-0.357142857,-1.090909091,
167,203918,Rodney Hood,1610612739,CLE,25,17,7,10,0.412,15.3,2.3,5.4,0.424,0.2,1.4,0.167,0.5,0.7,0.75,0.4,1.4,1.8,1.1,0.8,0.3,0.2,0.5,1.8,0.6,5.4,-5.5,60,29,31,0.483,26.9,5.4,12.5,0.429,2.1,5.6,0.381,1.9,2.2,0.86,0.4,2.4,2.8,1.6,1.2,0.8,0.2,0.3,1.8,1.8,14.7,-1.2,2017-18,-0.14699793,-0.431226766,-0.574074074,-0.568,-0.011655012,-0.904761905,-0.75,-0.56167979,-0.736842105,-0.681818182,-0.127906977,0,-0.416666667,-0.357142857,-0.3125,-0.333333333,-0.625,0,0.666666667,0,-0.666666667,-0.632653061,3.583333333,
168,203585,Rodney McGruder,1610612748,MIA,26,4,1,3,0.25,4,0.3,1,0.25,0,0.5,0,0,0,0,0,1,1,0,0,0,0,0.3,0.8,0.3,0.5,-2,18,11,7,0.611,16.6,2,4.1,0.493,0.8,1.9,0.429,0.2,0.4,0.5,0.6,1.2,1.8,0.9,0.2,0.4,0.2,0.1,1.2,0.7,5.1,1.8,2017-18,-0.590834697,-0.759036145,-0.85,-0.756097561,-0.492900609,-1,-0.736842105,-1,-1,-1,-1,-1,-0.166666667,-0.444444444,-1,-1,-1,-1,2,-0.333333333,-0.571428571,-0.901960784,-2.111111111,
169,1626220,Royce O'Neale,1610612762,UTA,25,11,5,6,0.455,23.5,2.5,5.1,0.5,0.9,2.5,0.357,1.1,1.7,0.632,0.3,3.2,3.5,1.4,1.5,0.9,0.4,0.3,2.7,1.4,7.1,-6.1,69,43,26,0.623,16.7,1.7,4.1,0.423,0.6,1.7,0.356,0.9,1.1,0.803,0.4,3.1,3.4,1.4,0.8,0.5,0.2,0.3,1.5,1.1,5,2.8,2017-18,-0.269662921,0.407185629,0.470588235,0.243902439,0.182033097,0.5,0.470588235,0.002808989,0.222222222,0.545454545,-0.212951432,-0.25,0.032258065,0.029411765,0,0.875,0.8,1,0,0.8,0.272727273,0.42,-3.178571429,
170,200752,Rudy Gay,1610612759,SAS,31,5,1,4,0.2,31.9,5.2,13,0.4,0.8,3.6,0.222,1,1.8,0.556,1.8,3.8,5.6,2.2,1.2,1.6,0.2,0.4,3.2,1.6,12.2,-1.6,57,36,21,0.632,21.6,4.4,9.4,0.471,0.6,2.1,0.314,2,2.5,0.772,1.3,3.8,5.1,1.3,1.4,0.8,0.7,0.4,1.7,2.1,11.5,1.4,2017-18,-0.683544304,0.476851852,0.181818182,0.382978723,-0.1507431,0.333333333,0.714285714,-0.292993631,-0.5,-0.28,-0.279792746,0.384615385,0,0.098039216,0.692307692,-0.142857143,1,-0.714285714,0,0.882352941,-0.238095238,0.060869565,-2.142857143,
171,203497,Rudy Gobert,1610612762,UTA,26,11,5,6,0.455,34.8,5,7.6,0.655,0,0,0,3.2,5.3,0.603,3.9,6.8,10.7,1,1.9,0.9,2.3,1.1,3.1,4.6,13.2,-2.5,56,37,19,0.661,32.4,4.9,7.9,0.622,0,0,0,3.6,5.3,0.682,2.9,7.8,10.7,1.4,1.9,0.8,2.3,0.9,2.7,5,13.5,6.1,2017-18,-0.311649017,0.074074074,0.020408163,-0.037974684,0.053054662,,,,-0.111111111,0,-0.115835777,0.344827586,-0.128205128,0,-0.285714286,0,0.125,0,0.222222222,0.148148148,-0.08,-0.022222222,-1.409836066,
172,201566,Russell Westbrook,1610612760,OKC,29,6,2,4,0.333,39.2,10.7,26.8,0.398,2.5,7,0.357,5.5,6.7,0.825,1.8,10.2,12,7.5,5.2,1.5,0,1.5,3.5,5.8,29.3,-6,80,47,33,0.588,36.4,9.5,21.1,0.449,1.2,4.1,0.298,5.2,7.1,0.737,1.9,8.2,10.1,10.3,4.8,1.8,0.3,1.1,2.5,5.8,25.4,4.8,2017-18,-0.433673469,0.076923077,0.126315789,0.27014218,-0.113585746,1.083333333,0.707317073,0.197986577,0.057692308,-0.056338028,0.119402985,-0.052631579,0.243902439,0.188118812,-0.27184466,0.083333333,-0.166666667,-1,0.363636364,0.4,0,0.153543307,-2.25,
173,201583,Ryan Anderson,1610612745,HOU,30,11,5,6,0.455,8.7,0.6,1.8,0.35,0.5,1.4,0.333,0,0,0,0.4,0.8,1.2,0.5,0.3,0.3,0.1,0.2,0.9,0.2,1.7,-5.2,66,52,14,0.788,26.1,3.1,7.3,0.431,2,5.1,0.386,1.1,1.4,0.774,1.4,3.6,5,0.9,0.6,0.4,0.3,0.2,1.9,1.3,9.3,3.8,2017-18,-0.422588832,-0.666666667,-0.806451613,-0.753424658,-0.187935035,-0.75,-0.725490196,-0.137305699,-1,-1,-1,-0.714285714,-0.777777778,-0.76,-0.444444444,-0.5,-0.25,-0.666666667,0,-0.526315789,-0.846153846,-0.817204301,-2.368421053,
174,1628400,Semi Ojeleye,1610612738,BOS,23,17,10,7,0.588,13.5,0.6,1.9,0.303,0.4,1.3,0.273,0.4,0.4,0.857,0.2,1.4,1.6,0.1,0.1,0.2,0,0.2,1.2,0.4,1.9,-2.4,73,50,23,0.685,15.8,0.9,2.6,0.346,0.5,1.7,0.32,0.3,0.6,0.61,0.5,1.7,2.2,0.3,0.3,0.3,0.1,0.1,1.2,0.5,2.7,-2.5,2017-18,-0.141605839,-0.14556962,-0.333333333,-0.269230769,-0.124277457,-0.2,-0.235294118,-0.146875,0.333333333,-0.333333333,0.404918033,-0.6,-0.176470588,-0.272727273,-0.666666667,-0.666666667,-0.333333333,-1,1,0,-0.2,-0.296296296,-0.04,
175,201586,Serge Ibaka,1610612761,TOR,28,10,4,6,0.4,26,3,7.2,0.417,0.9,2.4,0.375,1.8,2.2,0.818,1.3,4.6,5.9,1.1,1.6,0.1,1.3,0.3,2.1,1.6,8.7,-0.5,76,53,23,0.697,27.5,5,10.3,0.483,1.4,3.9,0.36,1.2,1.6,0.797,1,5.3,6.3,0.8,1.2,0.4,1.3,0.4,2.8,1.3,12.6,4,2017-18,-0.426111908,-0.054545455,-0.4,-0.300970874,-0.136645963,-0.357142857,-0.384615385,0.041666667,0.5,0.375,0.026348808,0.3,-0.132075472,-0.063492063,0.375,0.333333333,-0.75,0,-0.25,-0.25,0.230769231,-0.30952381,-1.125,
176,203498,Shabazz Muhammad,1610612749,MIL,25,4,1,3,0.25,7.2,2.3,5,0.45,1,1.3,0.8,0.8,1.3,0.6,0,1,1,0,0.5,0.5,0.3,0.8,0.5,0.8,6.3,2.3,43,25,18,0.581,9.7,2,4.4,0.447,0.2,0.6,0.259,0.9,1.2,0.78,0.5,1.2,1.8,0.3,0.1,0.2,0.1,0.3,0.7,0.8,5,-2.7,2017-18,-0.569707401,-0.257731959,0.15,0.136363636,0.006711409,4,1.166666667,2.088803089,-0.111111111,0.083333333,-0.230769231,-1,-0.166666667,-0.444444444,-1,4,1.5,2,1.666666667,-0.285714286,0,0.26,-1.851851852,
177,203894,Shabazz Napier,1610612757,POR,26,2,0,2,0,17.5,2.5,5.5,0.455,0,2,0,0.5,1,0.5,0,1,1,1.5,3,1.5,0,0,0.5,2.5,5.5,1.5,74,46,28,0.622,20.7,3,7.2,0.42,1.1,2.9,0.376,1.6,1.9,0.841,0.4,1.9,2.3,2,1.2,1.1,0.2,0.4,1.1,2,8.7,1.1,2017-18,-1,-0.154589372,-0.166666667,-0.236111111,0.083333333,-1,-0.310344828,-1,-0.6875,-0.473684211,-0.405469679,-1,-0.473684211,-0.565217391,-0.25,1.5,0.363636364,-1,-1,-0.545454545,0.25,-0.367816092,0.363636364,
178,203499,Shane Larkin,1610612738,BOS,25,11,7,4,0.636,14,1.5,3.2,0.457,0.4,1.2,0.308,0.5,0.5,1,0.1,0.9,1,1.8,0.5,0.5,0,0.4,1.4,0.8,3.7,-1.3,54,39,15,0.722,14.3,1.6,4.1,0.384,0.6,1.6,0.36,0.6,0.7,0.865,0.3,1.4,1.7,1.8,0.6,0.5,0,0.3,1.1,1.1,4.3,0.2,2017-18,-0.119113573,-0.020979021,-0.0625,-0.219512195,0.190104167,-0.333333333,-0.25,-0.144444444,-0.166666667,-0.285714286,0.156069364,-0.666666667,-0.357142857,-0.411764706,0,-0.166666667,0,,0.333333333,0.272727273,-0.272727273,-0.139534884,-7.5,
179,2733,Shaun Livingston,1610612744,GSW,32,21,16,5,0.762,17.2,2.8,5.2,0.536,0,0,0,1,1.2,0.88,0.5,1.7,2.2,1.5,0.8,0.3,0,0.1,1.6,1,6.7,2.8,71,49,22,0.69,15.9,2.4,4.8,0.501,0,0.1,0,0.7,0.9,0.82,0.5,1.4,1.8,2,0.8,0.5,0.3,0.2,1.6,0.7,5.5,1.6,2017-18,0.104347826,0.081761006,0.166666667,0.083333333,0.069860279,,-1,,0.428571429,0.333333333,0.073170732,0,0.214285714,0.222222222,-0.25,0,-0.4,-1,-0.5,0,0.428571429,0.218181818,0.75,
180,203524,Solomon Hill,1610612740,NOP,27,9,5,4,0.556,12.7,1,2.8,0.36,0.7,1.8,0.375,1,1.1,0.9,0.7,1.2,1.9,0.8,0.7,0.1,0.1,0.3,1.9,0.7,3.7,-2.1,12,8,4,0.667,15.6,0.9,3.4,0.268,0.3,1.8,0.19,0.3,0.5,0.5,0.8,2.3,3,1.8,0.8,0.6,0.1,0.3,1.8,0.7,2.4,-2.2,2017-18,-0.166416792,-0.185897436,0.111111111,-0.176470588,0.343283582,1.333333333,0,0.973684211,2.333333333,1.2,0.8,-0.125,-0.47826087,-0.366666667,-0.555555556,-0.125,-0.833333333,0,0,0.055555556,0,0.541666667,-0.045454545,
181,201939,Stephen Curry,1610612744,GSW,30,15,11,4,0.733,37,9.1,20.3,0.451,4.3,10.8,0.395,3,3.1,0.957,0.6,5.5,6.1,5.4,2.9,1.7,0.7,1.3,2.5,3.9,25.5,9.8,51,41,10,0.804,32,8.4,16.9,0.495,4.2,9.8,0.423,5.5,5.9,0.921,0.7,4.4,5.1,6.1,3,1.6,0.2,0.4,2.2,4.1,26.4,9.5,2017-18,-0.088308458,0.15625,0.083333333,0.201183432,-0.088888889,0.023809524,0.102040816,-0.066193853,-0.454545455,-0.474576271,0.039087948,-0.142857143,0.25,0.196078431,-0.114754098,-0.033333333,0.0625,2.5,2.25,0.136363636,-0.048780488,-0.034090909,0.031578947,
182,1628425,Sterling Brown,1610612749,MIL,23,3,1,2,0.333,4.2,1,1.7,0.6,0.3,1,0.333,0,0,0,0.3,0.3,0.7,0,0,0.3,0,0,0.7,0,2.3,0.3,54,26,28,0.481,14.4,1.5,3.8,0.4,0.6,1.7,0.352,0.4,0.4,0.875,0.5,2.1,2.6,0.5,0.5,0.6,0.2,0.4,1.5,0.4,4,-0.9,2017-18,-0.307692308,-0.708333333,-0.333333333,-0.552631579,0.5,-0.5,-0.411764706,-0.053977273,-1,-1,-1,-0.4,-0.857142857,-0.730769231,-1,-1,-0.5,-1,-1,-0.533333333,-1,-0.425,-1.333333333,
183,203500,Steven Adams,1610612760,OKC,24,6,2,4,0.333,33.4,4.5,7.7,0.587,0,0,0,1.5,2.2,0.692,3.2,4.3,7.5,1.5,0.7,0.7,0.7,1.2,2.5,2.5,10.5,-2.5,76,43,33,0.566,32.7,5.9,9.4,0.629,0,0,0,2.1,3.8,0.559,5.1,4,9,1.2,1.7,1.2,1,0.6,2.8,3.7,13.9,4.2,2017-18,-0.411660777,0.021406728,-0.237288136,-0.180851064,-0.066772655,,,,-0.285714286,-0.421052632,0.237924866,-0.37254902,0.075,-0.166666667,0.25,-0.588235294,-0.416666667,-0.3,1,-0.107142857,-0.324324324,-0.244604317,-1.595238095,
184,204456,T.J. McConnell,1610612755,PHI,26,10,5,5,0.5,15.5,2.5,3.6,0.694,0.2,0.3,0.667,0.3,0.5,0.6,0.6,2,2.6,2.3,0.6,0.6,0,0,1.3,0.8,5.5,4,76,50,26,0.658,22.5,2.8,5.5,0.499,0.4,0.8,0.435,0.4,0.5,0.795,0.5,2.5,3,4,1.5,1.2,0.2,0.4,1.6,0.6,6.3,-0.9,2017-18,-0.240121581,-0.311111111,-0.107142857,-0.345454545,0.390781563,-0.5,-0.625,0.533333333,-0.25,0,-0.245283019,0.2,-0.2,-0.133333333,-0.425,-0.6,-0.5,-1,-1,-0.1875,0.333333333,-0.126984127,-5.444444444,
185,1628388,TJ Leaf,1610612754,IND,21,1,1,0,1,3.7,0,0,0,0,0,0,0,0,0,0,0,0,0,0,0,0,0,0,0,0,5,53,31,22,0.585,8.7,1.2,2.6,0.471,0.3,0.8,0.429,0.2,0.3,0.625,0.5,1,1.5,0.2,0.2,0.1,0.1,0.1,0.8,0.3,2.9,-1.5,2017-18,0.709401709,-0.574712644,-1,-1,-1,-1,-1,-1,-1,-1,-1,-1,-1,-1,-1,-1,-1,-1,-1,-1,-1,-1,-4.333333333,
186,201959,Taj Gibson,1610612750,MIN,33,5,1,4,0.2,24.6,2.8,4.4,0.636,0,0,0,0.6,0.6,1,1.4,2.6,4,0.4,0.8,0.2,0.4,0.2,1.6,0.8,6.2,-7.8,82,47,35,0.573,33.2,5.2,9,0.577,0.1,0.4,0.2,1.7,2.3,0.768,2.4,4.8,7.1,1.2,1.1,0.8,0.7,0.7,2.7,1.9,12.2,2.9,2017-18,-0.65095986,-0.259036145,-0.461538462,-0.511111111,0.102253033,-1,-1,-1,-0.647058824,-0.739130435,0.302083333,-0.416666667,-0.458333333,-0.436619718,-0.666666667,-0.272727273,-0.75,-0.428571429,-0.714285714,-0.407407407,-0.578947368,-0.491803279,-3.689655172,
187,204028,Tarik Black,1610612745,HOU,26,7,5,2,0.714,2.7,0.1,0.6,0.25,0,0,0,0,0,0,0.3,0.6,0.9,0.3,0.1,0,0.1,0.1,0.7,0.1,0.3,-2.9,51,40,11,0.784,10.5,1.5,2.5,0.591,0,0.2,0.091,0.6,1.2,0.46,1.2,2,3.2,0.3,0.7,0.4,0.6,0.2,2.1,1,3.5,-1.5,2017-18,-0.089285714,-0.742857143,-0.933333333,-0.76,-0.576988156,,-1,-1,-1,-1,-1,-0.75,-0.7,-0.71875,0,-0.857142857,-1,-0.833333333,-0.5,-0.666666667,-0.9,-0.914285714,0.933333333,
188,1628390,Terrance Ferguson,1610612760,OKC,20,3,1,2,0.333,2.1,0.3,0.3,1,0.3,0.3,1,0,0,0,0.3,0,0.3,0.3,0,0,0,0,0.7,0,1,3.7,61,37,24,0.607,12.5,1.1,2.8,0.414,0.7,2,0.333,0.1,0.2,0.9,0.3,0.5,0.8,0.3,0.2,0.4,0.2,0.1,1.4,0.2,3.1,-1.4,2017-18,-0.451400329,-0.832,-0.727272727,-0.892857143,1.415458937,-0.571428571,-0.85,2.003003003,-1,-1,-1,0,-1,-0.625,0,-1,-1,-1,-1,-0.5,-1,-0.677419355,-3.642857143,
189,1626179,Terry Rozier,1610612738,BOS,24,19,11,8,0.579,36.6,5.7,14,0.406,2.7,7.7,0.347,2.4,2.9,0.821,0.4,4.8,5.3,5.7,1.2,1.3,0.3,0.4,2,2.7,16.5,1.1,80,54,26,0.675,25.9,4,10,0.395,1.9,5,0.381,1.4,1.9,0.772,0.8,3.9,4.7,2.9,1,1,0.2,0.5,1.5,1.8,11.3,1.5,2017-18,-0.142222222,0.413127413,0.425,0.4,0.027848101,0.421052632,0.54,-0.089238845,0.714285714,0.526315789,0.063471503,-0.5,0.230769231,0.127659574,0.965517241,0.2,0.3,0.5,-0.2,0.333333333,0.5,0.460176991,-0.266666667,
190,201152,Thaddeus Young,1610612754,IND,30,7,3,4,0.429,33.8,5.1,8.6,0.6,0.3,1,0.286,0.7,1.9,0.385,3.1,4.6,7.7,1.4,1,1.7,0.9,0,3.1,2.3,11.3,2,81,48,33,0.593,32.2,5.2,10.7,0.487,0.7,2.2,0.32,0.7,1.1,0.598,2.3,4,6.3,1.9,1.3,1.7,0.4,0.8,2.2,1.5,11.8,2.6,2017-18,-0.276559865,0.049689441,-0.019230769,-0.196261682,0.232032854,-0.571428571,-0.545454545,-0.10625,0,0.727272727,-0.356187291,0.347826087,0.15,0.222222222,-0.263157895,-0.230769231,0,1.25,-1,0.409090909,0.533333333,-0.042372881,-0.230769231,
191,1627748,Thon Maker,1610612749,MIL,21,6,3,3,0.5,21.6,1.8,4.7,0.393,1,3.3,0.3,0.8,1.2,0.714,1,2.8,3.8,0.8,0.7,0.3,1.8,0.3,2.8,1.5,5.5,6.5,74,40,34,0.541,16.7,1.8,4.3,0.411,0.4,1.4,0.298,0.9,1.3,0.699,1,2,3,0.6,0.6,0.5,0.7,0.3,2.2,1.1,4.8,-2.2,2017-18,-0.075785582,0.293413174,0,0.093023256,-0.04379562,1.5,1.357142857,0.006711409,-0.111111111,-0.076923077,0.021459227,0,0.4,0.266666667,0.333333333,0.166666667,-0.4,1.571428571,0,0.272727273,0.363636364,0.145833333,-3.954545455,
192,204025,Tim Frazier,1610612764,WAS,27,2,1,1,0.5,3,0,0.5,0,0,0,0,0,0,0,0,0.5,0.5,1.5,0,0.5,0,0,1,0,0,-1.5,59,31,28,0.525,14.2,1.2,2.9,0.395,0.3,0.9,0.304,0.4,0.5,0.767,0.3,1.6,1.9,3.3,1,0.8,0.1,0.3,1.6,1,3,-1.5,2017-18,-0.047619048,-0.788732394,-1,-0.827586207,-1,-1,-1,-1,-1,-1,-1,-1,-0.6875,-0.736842105,-0.545454545,-1,-0.375,-1,-1,-0.375,-1,-1,0,
193,203107,Tomas Satoransky,1610612764,WAS,26,6,2,4,0.333,10,0.3,2.2,0.154,0,0.5,0,0.5,0.7,0.75,0.8,0.7,1.5,0.5,0.5,0,0,0.2,0.7,0.3,1.2,-1.3,73,39,34,0.534,22.5,2.8,5.3,0.523,0.6,1.4,0.465,1,1.3,0.781,1,2.2,3.2,3.9,1.1,0.7,0.2,0.3,1.8,1.5,7.2,1.1,2017-18,-0.376404494,-0.555555556,-0.892857143,-0.58490566,-0.705544933,-1,-0.642857143,-1,-0.5,-0.461538462,-0.039692702,-0.2,-0.681818182,-0.53125,-0.871794872,-0.545454545,-1,-1,-0.333333333,-0.611111111,-0.8,-0.833333333,-2.181818182,
194,1628396,Tony Bradley,1610612762,UTA,20,1,0,1,0,1.9,1,2,0.5,0,0,0,0,0,0,1,0,1,0,0,0,0,0,0,0,2,2,9,6,3,0.667,3.2,0.3,1.2,0.273,0,0.1,0,0.2,0.2,1,0.4,0.8,1.2,0.1,0,0,0,0.1,0.1,0.1,0.9,0.1,2017-18,-1,-0.40625,2.333333333,0.666666667,0.831501832,,-1,,-1,-1,-1,1.5,-1,-0.166666667,-1,,,,-1,-1,-1,1.222222222,19,
195,2225,Tony Parker,1610612759,SAS,36,5,1,4,0.2,13.3,2.8,7.4,0.378,0,1,0,1,1.4,0.714,0,0.8,0.8,1.2,0.8,0.4,0,0.2,0.4,1.8,6.6,-7.2,55,32,23,0.582,19.5,3.2,7.1,0.459,0.2,0.7,0.27,1,1.4,0.705,0.1,1.6,1.7,3.5,1.2,0.5,0,0.4,0.9,1.3,7.7,-0.2,2017-18,-0.656357388,-0.317948718,-0.125,0.042253521,-0.176470588,-1,0.428571429,-1,0,0,0.012765957,-1,-0.5,-0.529411765,-0.657142857,-0.333333333,-0.2,,-0.5,-0.555555556,0.384615385,-0.142857143,35,
196,203503,Tony Snell,1610612749,MIL,26,7,3,4,0.429,19.1,1,3.4,0.292,0.7,3,0.238,0,0,0,0.1,1.7,1.9,0.6,0.4,0.4,0.6,0.1,1.4,0,2.7,-0.9,75,42,33,0.56,27.4,2.5,5.7,0.435,1.4,3.6,0.403,0.5,0.6,0.792,0.1,1.8,1.9,1.3,0.5,0.6,0.4,0.2,1.5,0.5,6.9,-0.7,2017-18,-0.233928571,-0.302919708,-0.6,-0.403508772,-0.328735632,-0.5,-0.166666667,-0.40942928,-1,-1,-1,0,-0.055555556,0,-0.538461538,-0.2,-0.333333333,0.5,-0.5,-0.066666667,-1,-0.608695652,0.285714286,
197,2772,Trevor Ariza,1610612745,HOU,33,17,11,6,0.647,34.2,2.9,8.2,0.36,1.5,5.4,0.286,1.4,1.8,0.742,0.5,3.3,3.8,1.3,0.6,1.1,0.1,0.3,2.6,1.8,8.8,4.8,67,51,16,0.761,33.9,4,9.7,0.412,2.5,6.9,0.368,1.1,1.3,0.854,0.5,3.9,4.4,1.6,0.8,1.5,0.2,0.3,2,1.3,11.7,5.6,2017-18,-0.149802891,0.008849558,-0.275,-0.154639175,-0.126213592,-0.4,-0.217391304,-0.222826087,0.272727273,0.384615385,-0.131147541,0,-0.153846154,-0.136363636,-0.1875,-0.25,-0.266666667,-0.5,0,0.3,0.384615385,-0.247863248,-0.142857143,
198,202344,Trevor Booker,1610612754,IND,30,7,3,4,0.429,9.1,0.9,1.4,0.6,0,0.1,0,0.9,1,0.857,0.7,1.9,2.6,0,0.1,0.1,0.1,0.1,1.7,0.9,2.6,0.4,68,36,32,0.529,17,2.6,5,0.516,0.1,0.5,0.242,1,1.4,0.71,1.7,3,4.7,1.2,0.9,0.4,0.3,0.4,1.8,1.2,6.3,-0.3,2017-18,-0.189035917,-0.464705882,-0.653846154,-0.72,0.162790698,-1,-0.8,-1,-0.1,-0.285714286,0.207042254,-0.588235294,-0.366666667,-0.446808511,-1,-0.888888889,-0.75,-0.666666667,-0.75,-0.055555556,-0.25,-0.587301587,-2.333333333,
199,202684,Tristan Thompson,1610612739,CLE,27,19,10,9,0.526,21.9,2.6,4.4,0.59,0,0.1,0,1.1,1.4,0.741,2.3,3.6,5.9,0.6,0.6,0.1,0.4,0.4,1.4,2.1,6.2,-1.4,53,27,26,0.509,20.2,2.5,4.4,0.562,0,0,0,0.8,1.5,0.544,2.4,4.3,6.6,0.6,0.7,0.3,0.3,0.4,1.9,1.8,5.8,-2.6,2017-18,0.033398821,0.084158416,0.04,0,0.049822064,,,,0.375,-0.066666667,0.362132353,-0.041666667,-0.162790698,-0.106060606,0,-0.142857143,-0.666666667,0.333333333,0,-0.263157895,0.166666667,0.068965517,-0.461538462,
200,204020,Tyler Johnson,1610612748,MIA,26,5,1,4,0.2,16.2,2.8,5.2,0.538,1.2,2,0.6,1.2,1.4,0.857,0.2,1.4,1.6,0.8,0.4,0.4,0,0.2,2.8,1,8,-3.8,72,39,33,0.542,28.5,4.3,9.9,0.435,1.7,4.5,0.367,1.5,1.8,0.822,0.5,3,3.4,2.3,1.1,0.8,0.5,0.5,2.1,1.8,11.7,0.6,2017-18,-0.63099631,-0.431578947,-0.348837209,-0.474747475,0.236781609,-0.294117647,-0.555555556,0.634877384,-0.2,-0.222222222,0.042579075,-0.6,-0.533333333,-0.529411765,-0.652173913,-0.636363636,-0.5,-1,-0.6,0.333333333,-0.444444444,-0.316239316,-7.333333333,
201,203092,Tyler Zeller,1610612749,MIL,28,7,3,4,0.429,9.4,0.6,0.7,0.8,0,0,0,0.4,0.6,0.75,0.3,1.7,2,0.4,0.1,0.6,0.4,0,1.6,0.6,1.6,-4.9,66,27,39,0.409,16.8,2.8,5.1,0.56,0.2,0.4,0.357,0.9,1.2,0.722,1.7,3,4.6,0.7,0.7,0.2,0.5,0.5,1.9,1.4,6.7,0.4,2017-18,0.048899756,-0.44047619,-0.785714286,-0.862745098,0.428571429,-1,-1,-1,-0.555555556,-0.5,0.038781163,-0.823529412,-0.433333333,-0.565217391,-0.428571429,-0.857142857,2,-0.2,-1,-0.157894737,-0.571428571,-0.76119403,-13.25,
202,1626145,Tyus Jones,1610612750,MIN,22,4,1,3,0.25,13.7,0.5,1.8,0.286,0,0.5,0,0,0,0,0,2.3,2.3,2,0.3,0.3,0,0.5,0,0,1,0.8,82,47,35,0.573,17.9,1.8,4,0.457,0.5,1.6,0.349,0.9,1,0.877,0.2,1.4,1.6,2.8,0.7,1.2,0.1,0.2,1.3,1,5.1,2.2,2017-18,-0.563699825,-0.234636872,-0.722222222,-0.55,-0.374179431,-1,-0.6875,-1,-1,-1,-1,-1,0.642857143,0.4375,-0.285714286,-0.571428571,-0.75,-1,1.5,-1,-1,-0.803921569,-0.636363636,
203,203506,Victor Oladipo,1610612754,IND,26,7,3,4,0.429,37.2,7.6,18.1,0.417,3.3,8.1,0.404,4.3,5.9,0.732,0.4,7.9,8.3,6,3.4,2.4,0.4,1.3,1.6,5.1,22.7,8,75,48,27,0.64,34,8.5,17.9,0.477,2.1,5.8,0.371,3.9,4.9,0.799,0.6,4.6,5.2,4.3,2.9,2.4,0.8,1.2,2.3,4.2,23.1,4.5,2017-18,-0.3296875,0.094117647,-0.105882353,0.011173184,-0.125786164,0.571428571,0.396551724,0.088948787,0.102564103,0.204081633,-0.083854819,-0.333333333,0.717391304,0.596153846,0.395348837,0.172413793,0,-0.5,0.083333333,-0.304347826,0.214285714,-0.017316017,0.777777778,
204,1627735,Wade Baldwin IV,1610612757,POR,22,4,0,4,0,4.8,0.3,1,0.25,0.3,0.3,1,0.3,0.5,0.5,0,0.8,0.8,0.8,0.8,0.3,0.3,0.3,0.3,0.5,1,1.8,7,4,3,0.571,11.5,2,3,0.667,0.6,0.7,0.8,0.9,1.4,0.6,0.1,1,1.1,0.7,0.6,0.3,0.1,0.1,1.7,1,5.4,0.7,2017-18,-1,-0.582608696,-0.85,-0.666666667,-0.625187406,-0.5,-0.571428571,0.25,-0.666666667,-0.642857143,-0.166666667,-1,-0.2,-0.272727273,0.142857143,0.333333333,0,2,2,-0.823529412,-0.5,-0.814814815,1.571428571,
205,201961,Wayne Ellington,1610612748,MIA,30,5,1,4,0.2,20.1,2.4,7,0.343,2.4,6,0.4,0.6,0.6,1,0.2,1.4,1.6,0.6,0.6,0.4,0.4,0,1.8,0.4,7.8,-8.8,77,42,35,0.545,26.5,3.7,9.1,0.407,2.9,7.5,0.392,0.9,1,0.859,0.3,2.5,2.8,1,0.7,0.7,0.1,0.2,1.2,0.8,11.2,1.6,2017-18,-0.633027523,-0.241509434,-0.351351351,-0.230769231,-0.157248157,-0.172413793,-0.2,0.020408163,-0.333333333,-0.4,0.164144354,-0.333333333,-0.44,-0.428571429,-0.4,-0.142857143,-0.428571429,3,-1,0.5,-0.5,-0.303571429,-6.5,
206,1628380,Zach Collins,1610612757,POR,20,4,0,4,0,17.4,2.8,7.5,0.367,0.8,3.5,0.214,0.8,1,0.75,0.8,2.3,3,1.5,0.5,0.8,0.5,0.8,2.5,1,7,-6,66,41,25,0.621,15.8,1.7,4.4,0.398,0.5,1.7,0.31,0.4,0.6,0.643,0.7,2.7,3.3,0.8,0.9,0.3,0.5,0.3,2,0.7,4.4,0.2,2017-18,-1,0.101265823,0.647058824,0.704545455,-0.077889447,0.6,1.058823529,-0.309677419,1,0.666666667,0.166407465,0.142857143,-0.148148148,-0.090909091,0.875,-0.444444444,1.666666667,0,1.666666667,0.25,0.428571429,0.590909091,-31,
207,2585,Zaza Pachulia,1610612744,GSW,34,7,5,2,0.714,3.8,0.6,1,0.571,0,0,0,1.3,1.7,0.75,0.9,0.9,1.7,0.1,0.4,0.4,0.1,0,0.1,0.9,2.4,2.6,69,47,22,0.681,14.1,2.2,3.8,0.564,0,0,0,1.1,1.3,0.806,1.3,3.4,4.7,1.6,1,0.6,0.2,0.5,1.8,1.4,5.4,2.8,2017-18,0.04845815,-0.730496454,-0.727272727,-0.736842105,0.012411348,,,,0.181818182,0.307692308,-0.069478908,-0.307692308,-0.735294118,-0.638297872,-0.9375,-0.6,-0.333333333,-0.5,-1,-0.944444444,-0.357142857,-0.555555556,-0.071428571,
208,1627753,Zhou Qi,1610612745,HOU,22,3,2,1,0.667,1.9,0.3,0.3,1,0,0,0,0,0,0,0,0.3,0.3,0,0,0,0,0,0,0,0.7,0,18,14,4,0.778,6.9,0.3,1.8,0.188,0.1,1.1,0.105,0.4,0.7,0.667,0.3,0.9,1.2,0.1,0.6,0.1,0.8,0.2,0.8,0.4,1.2,-3.7,2017-18,-0.142673522,-0.724637681,0,-0.833333333,4.319148936,-1,-1,-1,-1,-1,-1,-1,-0.666666667,-0.75,-1,-1,-1,-1,-1,-1,-1,-0.416666667,-1,